# healpix_id  spec_count  (ascending hpx id == desi-DLAGP index order)
0 70
1 71
2 79
3 90
4 78
5 54
6 77
7 47
8 76
9 69
10 75
11 76
12 73
13 49
14 73
15 48
16 59
17 67
18 55
19 22
20 28
22 1
24 25
25 1
26 37
27 1
32 77
33 87
34 82
35 71
36 67
37 73
38 72
39 50
40 79
41 72
42 77
43 69
44 82
45 48
46 79
47 51
48 64
49 25
50 76
51 38
56 64
57 31
58 46
59 28
128 70
129 80
130 69
131 90
132 63
133 66
134 78
135 69
136 71
137 71
138 76
139 64
140 90
141 52
142 69
143 78
144 55
145 34
146 68
147 39
148 6
150 26
152 65
153 74
154 46
155 67
156 51
157 2
158 52
159 38
160 75
161 56
162 61
163 68
164 54
165 51
166 67
167 53
168 82
169 60
170 74
171 65
172 76
173 75
174 78
175 65
176 75
177 59
178 55
179 63
180 67
181 51
182 72
183 75
184 57
185 85
186 63
187 66
188 93
189 87
190 80
191 59
202 21
203 4
224 51
225 16
226 65
227 51
230 5
232 58
233 59
234 78
235 60
236 40
237 1
238 50
239 24
250 6
512 66
513 57
514 86
515 60
516 70
517 75
518 72
519 57
520 48
521 73
522 59
523 71
524 78
525 56
526 63
527 67
528 76
529 69
530 51
531 82
532 55
533 66
534 79
535 76
536 73
537 54
538 67
539 70
540 74
541 57
542 75
543 60
544 75
545 69
546 87
547 66
548 56
549 70
550 64
551 62
552 49
553 47
554 60
555 57
556 77
557 80
558 69
559 53
560 66
561 69
562 72
563 61
564 70
565 60
566 72
567 60
568 60
569 64
570 67
571 59
572 65
573 53
574 56
575 41
576 64
577 70
578 66
579 66
580 77
581 73
582 72
583 48
584 51
585 57
586 62
587 67
588 99
589 91
590 75
591 68
592 29
593 8
594 60
595 42
598 2
600 56
601 40
602 70
603 73
604 19
606 61
607 3
608 62
609 59
610 73
611 79
612 57
613 56
614 70
615 71
616 65
617 38
618 57
619 60
620 69
621 44
622 70
623 72
624 56
625 64
626 71
627 80
628 33
629 15
630 46
631 16
632 61
633 58
634 64
635 68
636 53
637 23
638 60
639 53
640 50
641 70
642 48
643 64
644 47
645 69
646 54
647 55
648 84
649 53
650 53
651 67
652 56
653 62
654 66
655 71
656 60
657 58
658 46
659 60
660 70
661 55
662 37
663 34
664 58
665 68
666 66
667 54
668 60
669 48
670 49
671 65
672 62
673 75
674 62
675 63
676 58
677 54
678 81
679 62
680 72
681 68
682 57
683 68
684 69
685 77
686 62
687 74
688 52
689 45
690 67
691 64
692 46
693 64
694 56
695 48
696 64
697 56
698 69
699 63
700 62
701 61
702 82
703 55
704 64
705 58
706 58
707 64
708 83
709 64
710 42
711 69
712 65
713 64
714 64
715 59
716 61
717 60
718 65
719 55
720 55
721 60
722 75
723 60
724 71
725 78
726 64
727 66
728 62
729 52
730 59
731 65
732 64
733 80
734 59
735 60
736 63
737 35
738 55
739 53
740 58
741 63
742 40
743 69
744 61
745 60
746 86
747 49
748 34
749 40
750 34
751 59
752 67
753 67
754 67
755 77
756 63
757 56
758 66
759 63
760 62
761 60
762 49
763 80
764 77
765 63
766 65
767 66
810 18
811 5
896 69
897 54
898 59
899 61
900 39
902 60
903 6
904 66
905 51
906 65
907 71
908 50
909 16
910 39
911 3
928 69
929 44
930 68
931 79
932 24
934 36
935 13
936 67
937 64
938 61
939 55
940 34
941 16
942 28
943 3
2048 62
2049 52
2050 46
2051 39
2052 63
2053 77
2054 74
2055 86
2056 51
2057 62
2058 54
2059 66
2060 77
2061 67
2062 66
2063 67
2064 68
2065 49
2066 56
2067 56
2068 70
2069 45
2070 40
2071 57
2072 82
2073 55
2074 60
2075 78
2076 54
2077 62
2078 59
2079 61
2080 75
2081 47
2082 58
2083 59
2084 52
2085 74
2086 45
2087 74
2088 39
2089 39
2090 54
2091 48
2092 41
2093 55
2094 46
2095 30
2096 76
2097 71
2098 71
2099 95
2100 41
2101 65
2102 65
2103 50
2104 56
2105 33
2106 33
2107 43
2108 58
2109 71
2110 46
2111 42
2112 64
2113 82
2114 59
2115 64
2116 60
2117 56
2118 62
2119 54
2120 52
2121 55
2122 53
2123 63
2124 37
2125 67
2126 59
2127 44
2128 58
2129 67
2130 62
2131 69
2132 72
2133 59
2134 51
2135 59
2136 52
2137 70
2138 50
2139 52
2140 72
2141 65
2142 58
2143 59
2144 61
2145 73
2146 63
2147 63
2148 58
2149 59
2150 73
2151 49
2152 50
2153 66
2154 42
2155 38
2156 59
2157 62
2158 55
2159 61
2160 55
2161 58
2162 51
2163 57
2164 49
2165 45
2166 45
2167 11
2168 57
2169 42
2170 19
2171 9
2172 15
2176 70
2177 84
2178 71
2179 73
2180 57
2181 35
2182 64
2183 75
2184 56
2185 62
2186 50
2187 49
2188 61
2189 61
2190 62
2191 55
2192 14
2193 44
2194 45
2195 65
2196 57
2197 53
2198 59
2199 76
2200 49
2201 53
2202 68
2203 51
2204 67
2205 65
2206 52
2207 64
2208 42
2209 53
2210 24
2211 47
2212 35
2213 47
2214 49
2215 49
2216 64
2217 53
2218 69
2219 59
2220 46
2221 62
2222 56
2223 47
2224 55
2225 78
2226 60
2227 57
2228 46
2229 15
2230 25
2232 40
2233 17
2234 6
2240 57
2241 48
2242 80
2243 58
2244 48
2245 11
2246 23
2248 66
2249 24
2250 20
2304 62
2305 55
2306 61
2307 22
2308 20
2310 2
2312 42
2313 20
2314 38
2315 4
2336 7
2560 56
2561 55
2562 48
2563 62
2564 49
2565 20
2566 24
2567 1
2568 62
2569 41
2570 32
2571 33
2572 16
2592 28
2593 3
4096 66
4097 60
4098 66
4099 52
4100 62
4101 73
4102 56
4103 54
4104 53
4105 72
4106 57
4107 76
4108 68
4109 54
4110 52
4111 64
4112 72
4113 78
4114 82
4115 63
4116 75
4117 55
4118 84
4119 88
4120 86
4121 57
4122 72
4123 78
4124 88
4125 72
4126 61
4127 59
4128 59
4129 75
4130 75
4131 57
4132 69
4133 68
4134 83
4135 59
4136 63
4137 69
4138 64
4139 73
4140 59
4141 62
4142 67
4143 62
4144 72
4145 71
4146 50
4147 70
4148 66
4149 67
4150 72
4151 56
4152 69
4153 68
4154 70
4155 73
4156 58
4157 71
4158 72
4159 79
4160 56
4161 74
4162 61
4163 78
4164 55
4165 71
4166 60
4167 70
4168 64
4169 67
4170 94
4171 56
4172 58
4173 61
4174 64
4175 65
4176 75
4177 50
4178 95
4179 81
4180 72
4181 70
4182 85
4183 57
4184 66
4185 68
4186 67
4187 76
4188 67
4189 68
4190 77
4191 69
4192 61
4193 78
4194 68
4195 65
4196 75
4197 70
4198 73
4199 63
4200 74
4201 64
4202 71
4203 54
4204 62
4205 68
4206 72
4207 74
4208 71
4209 52
4210 76
4211 57
4212 58
4213 70
4214 61
4215 63
4216 84
4217 63
4218 87
4219 72
4220 76
4221 42
4222 83
4223 77
4224 92
4225 72
4226 72
4227 70
4228 72
4229 83
4230 61
4231 90
4232 51
4233 70
4234 70
4235 58
4236 54
4237 66
4238 77
4239 64
4240 56
4241 64
4242 75
4243 57
4244 65
4245 61
4246 59
4247 77
4248 66
4249 70
4250 73
4251 70
4252 49
4253 60
4254 60
4255 70
4256 66
4257 67
4258 77
4259 57
4260 49
4261 60
4262 81
4263 74
4264 64
4265 71
4266 72
4267 58
4268 76
4269 56
4270 52
4271 76
4272 57
4273 64
4274 58
4275 90
4276 63
4277 67
4278 83
4279 64
4280 78
4281 64
4282 53
4283 72
4284 76
4285 60
4286 75
4287 55
4288 60
4289 52
4290 69
4291 53
4292 65
4293 68
4294 81
4295 68
4296 54
4297 65
4298 50
4299 68
4300 67
4301 86
4302 65
4303 83
4304 61
4305 80
4306 58
4307 80
4308 84
4309 69
4310 68
4311 89
4312 78
4313 79
4314 59
4315 74
4316 87
4317 72
4318 64
4319 70
4320 61
4321 70
4322 78
4323 70
4324 75
4325 60
4326 71
4327 78
4328 59
4329 62
4330 68
4331 70
4332 84
4333 77
4334 45
4335 63
4336 60
4337 59
4338 79
4339 76
4340 74
4341 71
4342 68
4343 71
4344 66
4345 77
4346 69
4347 58
4348 71
4349 52
4350 86
4351 63
4352 81
4353 59
4354 79
4355 66
4356 62
4357 54
4358 64
4359 76
4360 67
4361 57
4362 68
4363 70
4364 60
4365 64
4366 64
4367 79
4368 74
4369 76
4370 60
4371 79
4372 85
4373 62
4374 100
4375 54
4376 63
4377 58
4378 69
4379 74
4380 63
4381 67
4382 71
4383 59
4384 79
4385 79
4386 66
4387 73
4388 61
4389 79
4390 75
4391 73
4392 55
4393 58
4394 89
4395 61
4396 66
4397 67
4398 54
4399 60
4400 85
4401 61
4402 64
4403 83
4404 58
4405 75
4406 62
4407 76
4408 68
4409 75
4410 85
4411 74
4412 65
4413 86
4414 74
4415 79
4416 65
4417 71
4418 79
4419 101
4420 74
4421 68
4422 77
4423 79
4424 72
4425 67
4426 76
4427 72
4428 63
4429 50
4430 62
4431 60
4432 60
4433 81
4434 69
4435 71
4436 68
4437 59
4438 77
4439 74
4440 66
4441 75
4442 64
4443 75
4444 59
4445 78
4446 81
4447 70
4448 51
4449 72
4450 86
4451 65
4452 76
4453 53
4454 71
4455 68
4456 71
4457 82
4458 79
4459 68
4460 74
4461 67
4462 71
4463 47
4464 70
4465 70
4466 79
4467 71
4468 64
4469 74
4470 58
4471 53
4472 60
4473 70
4474 56
4475 64
4476 60
4477 93
4478 52
4479 73
4480 68
4481 63
4482 68
4483 53
4484 62
4485 73
4486 82
4487 68
4488 71
4489 85
4490 81
4491 50
4492 79
4493 63
4494 60
4495 69
4496 76
4497 73
4498 56
4499 65
4500 71
4501 62
4502 65
4503 73
4504 63
4505 68
4506 52
4507 59
4508 67
4509 66
4510 62
4511 48
4512 79
4513 46
4514 69
4515 60
4516 62
4517 62
4518 69
4519 79
4520 58
4521 52
4522 74
4523 64
4524 67
4525 70
4526 64
4527 71
4528 52
4529 60
4530 56
4531 45
4532 61
4533 51
4534 58
4535 56
4536 53
4537 70
4538 63
4539 81
4540 77
4541 62
4542 61
4543 77
4544 70
4545 73
4546 85
4547 70
4548 49
4549 62
4550 72
4551 92
4552 62
4553 56
4554 72
4555 69
4556 53
4557 63
4558 76
4559 49
4560 55
4561 67
4562 78
4563 62
4564 68
4565 57
4566 88
4567 75
4568 46
4569 61
4570 44
4571 48
4572 64
4573 58
4574 65
4575 63
4576 61
4577 61
4578 52
4579 59
4580 63
4581 61
4582 49
4583 52
4584 62
4585 59
4586 50
4587 59
4588 54
4589 46
4590 51
4591 57
4592 69
4593 60
4594 59
4595 75
4596 56
4597 45
4598 51
4599 51
4600 71
4601 66
4602 61
4603 67
4604 56
4605 65
4606 57
4607 70
4608 79
4609 59
4610 72
4611 77
4612 67
4613 57
4614 75
4615 83
4616 56
4617 68
4618 74
4619 69
4620 66
4621 58
4622 59
4623 94
4624 76
4625 71
4626 73
4627 82
4628 63
4629 68
4630 79
4631 62
4632 61
4633 66
4634 57
4635 55
4636 55
4637 58
4638 74
4639 77
4640 67
4641 69
4642 71
4643 56
4644 61
4645 50
4646 56
4647 70
4648 55
4649 64
4650 67
4651 68
4652 74
4653 70
4654 62
4655 66
4656 77
4657 79
4658 74
4659 74
4660 65
4661 79
4662 77
4663 75
4664 64
4665 88
4666 66
4667 68
4668 59
4669 76
4670 73
4671 73
4672 80
4673 72
4674 61
4675 64
4676 61
4677 80
4678 69
4679 63
4680 72
4681 58
4682 66
4683 58
4684 76
4685 73
4686 77
4687 81
4688 70
4689 65
4690 48
4691 72
4692 69
4693 71
4694 60
4695 77
4696 57
4697 67
4698 49
4699 57
4700 69
4701 82
4702 66
4703 79
4704 58
4705 47
4706 69
4707 44
4708 80
4709 63
4710 74
4711 67
4712 65
4713 66
4714 75
4715 77
4716 75
4717 63
4718 59
4719 77
4720 89
4721 66
4722 68
4723 83
4724 70
4725 60
4726 96
4727 61
4728 58
4729 74
4730 81
4731 58
4732 90
4733 63
4734 73
4735 85
4736 37
4737 54
4738 62
4739 68
4740 54
4741 63
4742 70
4743 80
4744 50
4745 62
4746 25
4747 62
4748 73
4749 67
4750 60
4751 83
4752 79
4753 73
4754 77
4755 74
4756 83
4757 75
4758 74
4759 58
4760 50
4761 55
4762 57
4763 83
4764 69
4765 65
4766 65
4767 69
4768 2
4769 35
4771 4
4772 59
4773 65
4774 62
4775 80
4780 17
4781 46
4782 25
4783 51
4784 55
4785 52
4786 65
4787 78
4788 77
4789 85
4790 83
4791 73
4792 79
4793 59
4794 70
4795 62
4796 65
4797 65
4798 63
4799 57
4800 79
4801 84
4802 64
4803 67
4804 51
4805 65
4806 67
4807 60
4808 71
4809 61
4810 73
4811 78
4812 66
4813 61
4814 75
4815 61
4816 61
4817 67
4818 66
4819 74
4820 74
4821 70
4822 62
4823 64
4824 66
4825 47
4826 73
4827 84
4828 71
4829 60
4830 74
4831 73
4832 72
4833 74
4834 72
4835 68
4836 70
4837 76
4838 45
4839 59
4840 52
4841 76
4842 65
4843 57
4844 75
4845 76
4846 57
4847 93
4848 73
4849 52
4850 68
4851 74
4852 52
4853 80
4854 74
4855 87
4856 63
4857 64
4858 75
4859 61
4860 64
4861 89
4862 87
4863 56
4864 76
4865 62
4866 69
4867 67
4868 63
4869 68
4870 61
4871 53
4872 68
4873 65
4874 70
4875 68
4876 65
4877 52
4878 76
4879 77
4880 64
4881 81
4882 63
4883 91
4884 88
4885 68
4886 68
4887 68
4888 67
4889 66
4890 64
4891 87
4892 52
4893 44
4894 68
4895 59
4896 75
4897 63
4898 60
4899 66
4900 68
4901 46
4902 59
4903 65
4904 93
4905 79
4906 75
4907 76
4908 71
4909 64
4910 59
4911 82
4912 81
4913 75
4914 69
4915 67
4916 91
4917 67
4918 70
4919 51
4920 63
4921 61
4922 52
4923 78
4924 63
4925 80
4926 60
4927 55
4928 47
4929 68
4930 55
4931 49
4932 67
4933 44
4934 49
4935 95
4936 60
4937 70
4938 58
4939 67
4940 61
4941 71
4942 62
4943 54
4944 65
4945 31
4946 66
4947 47
4948 51
4949 65
4950 62
4951 66
4952 22
4953 28
4954 27
4955 37
4956 68
4957 66
4958 74
4959 54
4960 38
4961 66
4962 63
4963 53
4964 59
4965 66
4966 55
4967 63
4968 56
4969 72
4970 73
4971 59
4972 42
4973 45
4974 65
4975 42
4976 38
4977 83
4978 54
4979 54
4980 64
4981 57
4982 62
4983 53
4984 44
4985 46
4986 27
4987 32
4988 50
4989 54
4990 51
4991 66
4992 62
4993 57
4994 70
4995 67
4996 62
4997 74
4998 71
4999 74
5000 66
5001 50
5002 65
5003 58
5004 82
5005 79
5006 61
5007 74
5008 73
5009 67
5010 57
5011 69
5012 69
5013 75
5014 83
5015 71
5016 65
5017 61
5018 65
5019 79
5020 78
5021 87
5022 77
5023 66
5024 59
5025 64
5026 71
5027 60
5028 55
5029 66
5030 61
5031 72
5032 75
5033 69
5034 58
5035 63
5036 55
5037 52
5038 68
5039 67
5040 55
5041 74
5042 60
5043 71
5044 58
5045 67
5046 71
5047 66
5048 69
5049 79
5050 72
5051 60
5052 55
5053 61
5054 67
5055 59
5056 50
5057 57
5058 76
5059 67
5060 42
5061 37
5062 66
5063 34
5064 83
5065 50
5066 57
5067 49
5068 58
5069 57
5070 63
5071 40
5072 27
5073 43
5074 10
5075 53
5076 47
5077 63
5078 76
5079 40
5080 53
5081 47
5082 56
5083 55
5084 54
5085 44
5086 60
5087 49
5088 55
5089 51
5090 55
5091 53
5092 54
5093 51
5094 58
5095 64
5096 61
5097 47
5098 61
5099 63
5100 57
5101 66
5102 73
5103 72
5104 48
5105 73
5106 67
5107 65
5108 65
5109 51
5110 54
5111 53
5112 59
5113 56
5114 64
5115 51
5116 56
5117 57
5118 61
5119 59
5120 61
5121 67
5122 73
5123 78
5124 71
5125 66
5126 67
5127 64
5128 71
5129 86
5130 66
5131 67
5132 68
5133 68
5134 71
5135 73
5136 89
5137 75
5138 57
5139 58
5140 54
5141 73
5142 60
5143 58
5144 76
5145 58
5146 67
5147 53
5148 51
5149 63
5150 58
5151 41
5152 47
5153 57
5154 69
5155 60
5156 82
5157 62
5158 77
5159 62
5160 83
5161 52
5162 54
5163 55
5164 71
5165 41
5166 79
5167 53
5168 79
5169 48
5170 87
5171 62
5172 45
5173 57
5174 66
5175 55
5176 66
5177 51
5178 81
5179 50
5180 70
5181 74
5182 61
5183 71
5184 79
5185 66
5186 71
5187 43
5188 64
5189 69
5190 64
5191 51
5192 48
5193 51
5194 47
5195 51
5196 63
5197 44
5198 54
5199 75
5200 51
5201 41
5202 58
5203 47
5204 49
5205 77
5206 59
5207 58
5208 54
5209 77
5210 89
5211 73
5212 77
5213 53
5214 53
5215 72
5216 27
5217 31
5218 47
5219 26
5220 47
5221 38
5222 19
5223 35
5224 37
5225 30
5226 45
5227 33
5228 3
5229 36
5230 35
5231 56
5232 22
5233 73
5234 28
5235 29
5236 39
5237 41
5238 26
5239 43
5240 47
5241 39
5242 67
5243 56
5244 38
5245 28
5246 24
5248 65
5249 64
5250 64
5251 55
5252 57
5253 43
5254 68
5255 51
5256 80
5257 48
5258 48
5259 54
5260 14
5261 37
5262 38
5263 51
5264 69
5265 60
5266 78
5267 66
5268 53
5269 72
5270 50
5271 54
5272 39
5273 48
5274 40
5275 39
5276 31
5277 49
5278 37
5279 32
5280 50
5281 56
5282 66
5283 55
5284 63
5285 69
5286 67
5287 48
5288 58
5289 77
5290 57
5291 59
5292 68
5293 65
5294 68
5295 60
5296 42
5297 23
5298 56
5299 66
5300 24
5301 35
5302 57
5303 42
5304 71
5305 78
5306 50
5307 50
5308 50
5309 50
5310 61
5311 44
5312 57
5313 48
5314 57
5315 61
5316 52
5317 60
5318 46
5319 67
5320 53
5321 69
5322 48
5323 28
5324 50
5325 48
5326 65
5327 67
5328 56
5329 69
5330 57
5331 64
5332 37
5333 11
5334 62
5335 34
5336 40
5337 42
5338 62
5339 48
5340 70
5341 73
5342 49
5343 74
5344 36
5345 29
5346 55
5347 51
5348 47
5349 79
5350 56
5351 66
5352 58
5353 58
5354 51
5355 65
5356 47
5357 74
5358 56
5359 51
5360 83
5361 62
5362 76
5363 44
5364 45
5365 47
5366 40
5367 59
5368 65
5369 72
5370 54
5371 62
5372 49
5373 60
5374 47
5375 36
5376 59
5377 54
5378 68
5379 55
5380 63
5381 61
5382 33
5383 56
5384 50
5385 52
5386 56
5387 58
5388 53
5389 40
5390 39
5391 55
5392 57
5393 56
5394 61
5395 63
5396 81
5397 65
5398 80
5399 65
5400 57
5401 54
5402 58
5403 51
5404 66
5405 63
5406 57
5407 58
5408 43
5409 37
5410 35
5411 38
5412 71
5413 41
5414 56
5415 43
5416 20
5417 25
5418 7
5419 37
5420 36
5421 50
5422 31
5423 50
5424 52
5425 70
5426 66
5427 66
5428 64
5429 59
5430 95
5431 64
5432 66
5433 62
5434 49
5435 43
5436 48
5437 47
5438 59
5439 42
5440 76
5441 51
5442 61
5443 58
5444 50
5445 31
5446 63
5447 49
5448 72
5449 73
5450 49
5451 49
5452 57
5453 69
5454 67
5455 50
5456 44
5457 62
5458 39
5459 53
5460 43
5461 38
5462 49
5463 57
5464 46
5465 52
5466 60
5467 41
5468 54
5469 50
5470 61
5471 24
5472 31
5473 34
5474 43
5475 18
5476 72
5477 60
5478 45
5479 46
5480 48
5481 21
5482 49
5483 33
5484 43
5485 49
5486 49
5487 23
5488 53
5489 27
5490 60
5491 42
5492 50
5493 26
5494 26
5495 5
5496 34
5497 19
5498 3
5500 1
5504 9
5505 36
5506 27
5507 46
5508 26
5509 39
5510 37
5511 11
5512 44
5513 26
5514 58
5515 32
5516 36
5517 20
5518 28
5519 16
5520 36
5521 46
5522 37
5523 54
5524 69
5525 42
5526 55
5527 51
5528 30
5529 74
5530 33
5531 64
5532 55
5533 46
5534 53
5535 39
5536 46
5537 49
5538 67
5539 57
5540 62
5541 50
5542 78
5543 64
5544 63
5545 68
5546 39
5547 48
5548 74
5549 52
5550 35
5551 41
5552 53
5553 58
5554 61
5555 55
5556 45
5557 45
5558 51
5559 44
5560 71
5561 72
5562 49
5563 54
5564 57
5565 57
5566 57
5567 59
5568 49
5569 42
5570 52
5571 63
5572 44
5573 9
5574 40
5575 2
5576 33
5577 47
5578 61
5579 20
5580 26
5581 15
5582 41
5583 58
5587 14
5590 25
5592 6
5593 48
5594 40
5595 38
5596 43
5597 7
5598 67
5599 32
5600 61
5601 47
5602 48
5603 50
5604 48
5605 60
5606 63
5607 49
5608 51
5609 43
5610 27
5611 32
5612 64
5613 35
5614 43
5615 32
5616 49
5617 47
5618 52
5619 46
5620 57
5621 28
5622 55
5623 17
5624 27
5625 47
5626 62
5627 52
5628 45
5629 17
5630 8
5631 25
5632 59
5633 49
5634 56
5635 47
5636 44
5637 51
5638 46
5639 34
5640 56
5641 38
5642 46
5643 47
5644 54
5645 34
5646 44
5647 34
5648 50
5649 53
5650 44
5651 49
5652 25
5653 38
5654 45
5655 70
5656 43
5657 72
5658 59
5659 69
5660 74
5661 69
5662 68
5663 63
5664 36
5665 58
5666 32
5667 49
5668 33
5669 51
5670 43
5671 42
5672 48
5673 53
5674 70
5675 34
5676 54
5677 38
5678 41
5679 45
5680 55
5681 68
5682 55
5683 85
5684 56
5685 65
5686 54
5687 55
5688 43
5689 53
5690 57
5691 60
5692 51
5693 35
5694 39
5695 51
5696 59
5697 57
5698 55
5699 62
5700 21
5701 16
5702 46
5703 9
5704 69
5705 52
5706 73
5707 55
5708 41
5709 22
5710 19
5712 23
5713 12
5714 6
5715 32
5716 25
5717 6
5718 41
5719 10
5720 24
5721 33
5722 27
5723 33
5724 36
5725 13
5726 38
5728 33
5729 21
5730 12
5736 19
5737 4
5738 59
5739 41
5740 5
5741 12
5742 57
5743 47
5744 6
5745 24
5747 32
5748 36
5749 14
5750 36
5751 36
5752 16
5753 49
5754 45
5755 50
5756 24
5757 49
5758 37
5759 34
5760 61
5761 33
5762 42
5763 25
5764 30
5765 71
5766 56
5767 52
5768 36
5769 61
5770 54
5771 47
5772 55
5773 47
5774 37
5775 22
5776 49
5777 53
5778 81
5779 30
5780 45
5781 47
5782 50
5783 53
5784 40
5785 22
5786 48
5787 39
5788 24
5789 27
5790 9
5792 61
5793 50
5794 45
5795 45
5796 30
5797 34
5798 15
5799 39
5800 66
5801 67
5802 52
5803 38
5804 40
5805 28
5806 44
5807 43
5808 29
5809 42
5810 47
5811 42
5812 6
5814 12
5815 21
5816 37
5817 41
5818 33
5819 68
5820 68
5821 54
5822 52
5823 55
5824 45
5825 53
5826 56
5827 42
5828 61
5829 49
5830 50
5831 48
5832 30
5833 41
5834 12
5835 34
5836 48
5837 31
5838 37
5839 10
5840 37
5841 48
5842 25
5843 25
5844 11
5845 28
5847 1
5848 18
5849 25
5850 42
5851 41
5852 2
5853 16
5854 13
5856 36
5857 30
5858 28
5859 28
5860 30
5861 40
5862 14
5863 24
5864 9
5866 8
5869 14
5870 15
5871 36
5872 39
5873 43
5874 37
5875 41
5876 11
5878 3
5880 26
5881 3
5882 33
5883 11
5884 8
5885 21
5886 43
5887 36
5888 2
5889 6
5904 24
5905 45
5906 27
5907 34
5908 42
5909 6
5910 35
5911 32
5912 39
5913 24
5914 33
5915 29
5916 26
5917 36
5918 16
5919 34
5920 16
5921 29
5922 55
5923 49
5924 23
5925 19
5926 60
5927 51
5928 53
5929 36
5930 54
5931 33
5932 46
5933 37
5934 47
5935 57
5936 33
5937 60
5938 41
5939 50
5940 49
5941 43
5942 36
5943 24
5944 45
5945 53
5946 69
5947 46
5948 47
5949 31
5950 31
5951 40
5952 36
5953 59
5954 34
5955 50
5956 37
5957 51
5958 40
5959 61
5960 52
5961 51
5962 46
5963 6
5964 51
5965 69
5966 54
5967 65
5968 52
5969 18
5970 60
5971 25
5973 23
5976 62
5977 7
5978 30
5984 31
5985 6
5986 40
5987 8
5988 4
5989 16
5992 24
5993 1
5994 5
6000 4
6009 10
6010 7
6011 35
6012 17
6014 35
6016 26
6017 47
6018 8
6019 35
6020 55
6021 44
6022 51
6023 35
6024 32
6025 38
6026 25
6027 28
6028 33
6029 34
6030 39
6031 7
6032 20
6034 3
6036 2
6037 4
6040 1
6049 36
6050 14
6051 29
6052 36
6053 17
6054 33
6055 7
6056 28
6057 26
6058 17
6059 35
6060 31
6061 3
6062 31
6063 15
6079 3
6081 7
6083 33
6084 18
6085 1
6086 36
6087 4
6088 5
6089 18
6090 28
6091 46
6092 51
6093 2
6094 33
6095 18
6096 21
6097 34
6098 31
6099 31
6100 23
6102 19
6104 42
6105 36
6106 38
6107 20
6108 2
6112 18
6113 33
6116 2
6117 50
6118 1
6119 36
6122 27
6123 25
6125 26
6126 15
6127 35
6128 33
6129 20
6130 35
6131 2
6136 8
6138 14
6148 11
6149 41
6150 5
6151 31
6159 5
6160 81
6161 52
6162 62
6163 49
6164 53
6165 72
6166 69
6167 79
6168 25
6169 64
6170 45
6171 56
6172 83
6173 66
6174 68
6175 70
6192 45
6193 56
6194 33
6195 56
6196 61
6197 78
6198 60
6199 56
6200 6
6201 26
6203 8
6204 80
6205 58
6206 44
6207 50
6208 64
6209 60
6210 61
6211 74
6212 64
6213 63
6214 62
6215 57
6216 57
6217 68
6218 62
6219 58
6220 72
6221 58
6222 53
6223 69
6224 61
6225 69
6226 76
6227 77
6228 53
6229 61
6230 74
6231 64
6232 64
6233 66
6234 57
6235 75
6236 70
6237 80
6238 57
6239 51
6240 61
6241 50
6242 61
6243 66
6244 60
6245 76
6246 71
6247 69
6248 55
6249 52
6250 46
6251 61
6252 53
6253 51
6254 65
6255 61
6256 56
6257 64
6258 59
6259 84
6260 59
6261 67
6262 65
6263 63
6264 57
6265 74
6266 68
6267 69
6268 69
6269 54
6270 62
6271 66
6289 9
6292 43
6293 52
6294 5
6295 58
6300 10
6301 55
6302 6
6303 53
6324 2
6325 38
6327 25
6333 25
6335 3
6336 68
6337 60
6338 56
6339 43
6340 72
6341 68
6342 50
6343 59
6344 57
6345 45
6346 60
6347 67
6348 43
6349 51
6350 61
6351 49
6352 77
6353 66
6354 57
6355 63
6356 51
6357 58
6358 81
6359 78
6360 62
6361 88
6362 61
6363 79
6364 82
6365 82
6366 84
6367 75
6368 52
6369 55
6370 46
6371 57
6372 78
6373 65
6374 62
6375 58
6376 46
6377 46
6378 32
6379 42
6380 52
6381 69
6382 60
6383 65
6384 60
6385 67
6386 46
6387 55
6388 65
6389 52
6390 74
6391 72
6392 66
6393 68
6394 56
6395 57
6396 57
6397 55
6398 67
6399 70
6400 62
6401 63
6402 63
6403 55
6404 67
6405 74
6406 81
6407 59
6408 66
6409 71
6410 58
6411 60
6412 72
6413 57
6414 75
6415 68
6416 63
6417 55
6418 53
6419 60
6420 58
6421 75
6422 77
6423 69
6424 72
6425 64
6426 67
6427 71
6428 77
6429 50
6430 82
6431 61
6432 71
6433 71
6434 67
6435 60
6436 62
6437 66
6438 68
6439 66
6440 63
6441 70
6442 70
6443 80
6444 63
6445 84
6446 68
6447 76
6448 62
6449 83
6450 68
6451 49
6452 67
6453 59
6454 66
6455 70
6456 71
6457 64
6458 57
6459 55
6460 73
6461 75
6462 64
6463 59
6464 75
6465 58
6466 69
6467 72
6468 52
6469 65
6470 73
6471 87
6472 76
6473 64
6474 61
6475 66
6476 67
6477 62
6478 57
6479 72
6480 63
6481 54
6482 70
6483 61
6484 66
6485 60
6486 59
6487 65
6488 63
6489 56
6490 63
6491 51
6492 60
6493 40
6494 51
6495 45
6496 63
6497 69
6498 68
6499 61
6500 66
6501 73
6502 79
6503 85
6504 63
6505 69
6506 68
6507 76
6508 88
6509 81
6510 66
6511 66
6512 63
6513 55
6514 77
6515 75
6516 67
6517 57
6518 48
6519 42
6520 79
6521 69
6522 72
6523 57
6524 42
6525 48
6526 43
6527 35
6528 52
6529 59
6530 56
6531 62
6532 70
6533 60
6534 71
6535 83
6536 79
6537 61
6538 64
6539 44
6540 77
6541 68
6542 55
6543 55
6544 52
6545 60
6546 87
6547 57
6548 76
6549 47
6550 66
6551 67
6552 56
6553 59
6554 60
6555 62
6556 65
6557 77
6558 75
6559 80
6560 68
6561 65
6562 78
6563 70
6564 64
6565 73
6566 74
6567 62
6568 61
6569 54
6570 52
6571 62
6572 60
6573 69
6574 63
6575 65
6576 74
6577 58
6578 59
6579 54
6580 37
6581 50
6582 62
6583 70
6584 70
6585 56
6586 82
6587 66
6588 66
6589 70
6590 64
6591 68
6592 54
6593 86
6594 68
6595 85
6596 85
6597 75
6598 79
6599 62
6600 75
6601 50
6602 72
6603 70
6604 68
6605 61
6606 60
6607 65
6608 50
6609 54
6610 54
6611 68
6612 51
6613 57
6614 47
6615 82
6616 67
6617 61
6618 59
6619 62
6620 59
6621 52
6622 56
6623 49
6624 62
6625 64
6626 72
6627 73
6628 63
6629 60
6630 48
6631 54
6632 66
6633 62
6634 82
6635 54
6636 62
6637 62
6638 64
6639 59
6640 65
6641 51
6642 48
6643 41
6644 51
6645 56
6646 54
6647 52
6648 65
6649 70
6650 68
6651 60
6652 60
6653 60
6654 55
6655 34
6721 30
6723 34
6724 57
6725 75
6726 40
6727 51
6729 4
6731 2
6732 22
6733 64
6734 32
6735 62
6736 50
6737 57
6738 71
6739 82
6740 51
6741 54
6742 66
6743 61
6744 62
6745 61
6746 65
6747 48
6748 61
6749 56
6750 64
6751 55
6753 1
6756 52
6757 39
6758 23
6759 44
6764 2
6765 14
6767 5
6768 72
6769 58
6770 57
6771 69
6772 61
6773 50
6774 59
6775 62
6776 41
6777 53
6778 21
6779 41
6780 40
6781 35
6782 47
6783 70
6865 3
6868 23
6869 16
6912 53
6913 56
6914 82
6915 65
6916 60
6917 80
6918 73
6919 51
6920 64
6921 41
6922 89
6923 75
6924 57
6925 47
6926 62
6927 62
6928 73
6929 49
6930 70
6931 60
6932 55
6933 70
6934 65
6935 55
6936 83
6937 53
6938 56
6939 40
6940 78
6941 66
6942 55
6943 45
6944 47
6945 67
6946 47
6947 55
6948 61
6949 68
6950 62
6951 58
6952 51
6953 60
6954 64
6955 65
6956 48
6957 51
6958 55
6959 61
6960 57
6961 53
6962 64
6963 45
6964 37
6965 42
6966 43
6967 46
6968 57
6969 39
6970 63
6971 58
6972 41
6973 47
6974 51
6975 52
6976 65
6977 67
6978 69
6979 58
6980 72
6981 70
6982 41
6983 32
6984 61
6985 68
6986 37
6987 58
6988 51
6989 48
6990 63
6991 62
6992 68
6993 66
6994 51
6995 39
6996 43
6997 38
6998 48
6999 52
7000 63
7001 69
7002 50
7003 48
7004 47
7005 39
7006 31
7007 3
7008 36
7009 45
7010 68
7011 63
7012 49
7013 66
7014 36
7015 38
7016 48
7017 38
7018 38
7019 50
7020 35
7021 31
7022 44
7023 43
7024 54
7025 39
7026 36
7027 35
7028 41
7029 14
7030 38
7031 23
7032 37
7033 28
7034 45
7035 12
7036 25
7037 1
7040 41
7041 59
7042 6
7043 24
7044 62
7045 52
7046 30
7047 33
7056 49
7057 51
7058 27
7059 37
7060 44
7061 55
7062 44
7063 49
7064 13
7065 45
7066 27
7067 54
7068 65
7069 57
7070 62
7071 50
7088 8
7089 33
7092 28
7093 33
7095 13
7101 3
7104 49
7105 42
7106 45
7107 63
7108 63
7109 52
7110 62
7111 33
7112 67
7113 63
7114 56
7115 46
7116 54
7117 55
7118 66
7119 65
7120 40
7121 18
7122 45
7123 24
7125 9
7126 30
7127 47
7128 52
7129 52
7130 52
7131 68
7132 59
7133 65
7134 51
7135 79
7136 62
7137 60
7138 30
7139 42
7140 59
7141 51
7142 30
7143 26
7144 6
7145 2
7149 2
7152 50
7153 55
7154 46
7155 51
7156 51
7157 58
7158 64
7159 59
7160 26
7161 19
7164 33
7165 41
7166 3
7167 32
7168 54
7169 52
7170 27
7171 40
7172 21
7173 32
7174 19
7175 40
7176 60
7177 34
7178 42
7179 52
7180 54
7181 37
7182 54
7183 58
7184 39
7185 59
7186 48
7187 50
7188 41
7189 32
7190 30
7191 10
7192 42
7193 51
7194 51
7195 44
7196 53
7197 42
7198 49
7199 53
7200 51
7201 48
7202 39
7203 27
7204 15
7205 36
7206 45
7207 28
7208 30
7209 17
7210 10
7211 13
7212 44
7213 30
7214 8
7215 29
7216 72
7217 53
7218 49
7219 44
7220 32
7221 32
7222 34
7223 38
7224 23
7225 23
7226 22
7227 40
7228 31
7229 55
7230 33
7231 52
7234 27
7235 21
7236 27
7237 40
7238 33
7239 37
7240 44
7241 36
7242 30
7243 25
7244 19
7245 46
7246 40
7247 36
7248 36
7249 32
7250 33
7251 42
7252 35
7253 27
7254 31
7255 38
7256 50
7257 13
7258 39
7259 38
7260 26
7261 25
7262 41
7263 37
7264 32
7265 11
7266 40
7267 40
7268 47
7269 37
7270 21
7271 55
7272 56
7273 32
7274 34
7275 22
7276 30
7277 49
7278 25
7279 58
7280 36
7281 31
7282 46
7283 30
7284 36
7285 39
7286 34
7287 37
7288 58
7289 83
7290 41
7291 49
7292 53
7293 40
7294 61
7295 40
7296 57
7297 56
7298 44
7299 57
7300 59
7301 66
7302 51
7303 55
7304 60
7305 52
7306 37
7307 49
7308 42
7309 51
7310 48
7311 45
7312 70
7313 35
7314 47
7315 64
7316 37
7317 23
7318 58
7319 27
7320 45
7321 64
7322 41
7323 37
7324 42
7325 29
7326 41
7327 32
7328 71
7329 66
7330 74
7331 57
7332 54
7333 39
7334 54
7335 42
7336 59
7337 41
7338 13
7339 38
7340 41
7341 28
7342 46
7343 48
7344 31
7345 35
7346 24
7347 48
7348 41
7349 44
7350 48
7351 51
7352 58
7353 30
7354 38
7355 29
7356 26
7357 11
7360 6
7363 26
7364 18
7365 56
7366 45
7367 40
7368 18
7369 35
7370 33
7371 55
7372 22
7373 61
7374 42
7375 47
7376 60
7377 65
7378 50
7379 52
7380 55
7381 48
7382 24
7383 37
7384 25
7385 44
7386 42
7387 35
7388 16
7389 58
7390 52
7391 51
7392 38
7393 18
7394 11
7396 11
7397 6
7407 1
7408 3
7409 42
7410 3
7411 51
7412 60
7413 57
7414 28
7415 31
7416 25
7417 38
7418 17
7419 30
7420 39
7421 9
7422 27
7423 24
7424 33
7425 29
7426 27
7427 48
7428 36
7429 22
7430 34
7431 2
7432 29
7433 47
7434 54
7435 37
7436 15
7438 22
7439 17
7445 27
7446 6
7447 39
7449 2
7450 32
7451 31
7452 11
7453 27
7454 32
7455 12
7456 50
7457 19
7458 31
7459 25
7460 26
7461 40
7462 25
7463 32
7464 44
7465 7
7466 52
7467 40
7468 34
7469 42
7470 37
7471 59
7472 59
7473 39
7474 63
7475 45
7476 42
7477 39
7478 41
7479 49
7480 33
7481 35
7482 26
7483 6
7484 20
7485 51
7486 41
7487 28
7488 37
7489 48
7490 41
7491 55
7492 61
7493 42
7494 61
7495 43
7496 46
7497 39
7498 41
7499 44
7500 56
7501 40
7502 26
7503 44
7504 37
7505 24
7506 47
7507 26
7510 1
7512 16
7513 39
7514 23
7515 28
7520 41
7521 38
7522 36
7523 41
7524 17
7525 18
7526 38
7527 19
7528 37
7529 30
7530 33
7531 42
7532 47
7533 20
7534 30
7535 19
7536 19
7546 36
7547 2
7552 42
7553 50
7554 49
7555 54
7556 41
7557 43
7558 33
7559 36
7560 51
7561 27
7562 61
7563 33
7564 23
7565 36
7566 19
7567 65
7568 41
7569 6
7570 35
7572 12
7573 7
7576 21
7577 15
7578 52
7579 38
7580 6
7582 56
7583 20
7584 47
7585 28
7586 12
7587 14
7588 39
7589 55
7590 46
7591 44
7592 16
7593 57
7594 32
7595 48
7596 45
7597 44
7598 45
7599 45
7600 52
7601 43
7602 51
7603 44
7604 42
7605 36
7606 52
7607 41
7608 38
7609 42
7610 45
7611 32
7612 48
7613 28
7614 51
7615 45
7616 5
7617 27
7620 8
7621 40
7622 25
7623 38
7625 14
7627 30
7628 34
7629 52
7630 42
7631 38
7632 42
7633 5
7634 29
7635 1
7640 13
7648 23
7649 48
7650 27
7651 43
7652 40
7653 6
7654 38
7656 70
7657 47
7658 60
7659 48
7660 15
7662 16
7680 41
7681 44
7682 46
7683 41
7684 56
7685 59
7686 36
7687 24
7688 22
7689 11
7696 46
7697 12
7698 8
7707 30
7708 10
7709 15
7710 43
7711 58
7728 1
7729 35
7731 15
7732 36
7733 57
7734 25
7735 20
7741 1
7743 10
7744 2
7745 17
7746 17
7747 32
7748 28
7749 24
7750 45
7751 79
7752 45
7753 48
7754 55
7755 51
7756 53
7757 67
7758 54
7759 31
7760 43
7761 52
7762 60
7763 70
7764 29
7765 46
7766 70
7767 50
7768 60
7769 53
7770 40
7771 52
7772 69
7773 60
7774 40
7775 60
7776 54
7777 54
7778 51
7779 53
7780 52
7781 45
7782 55
7783 59
7784 24
7785 46
7786 31
7787 38
7788 32
7789 40
7790 35
7791 41
7792 31
7793 42
7794 27
7795 31
7796 52
7797 53
7798 39
7799 57
7800 45
7801 29
7802 25
7803 33
7804 49
7805 54
7806 21
7807 51
7810 38
7811 21
7813 2
7814 27
7815 36
7816 51
7817 44
7818 54
7819 59
7820 48
7821 54
7822 65
7823 69
7824 1
7826 17
7827 12
7829 23
7831 18
7832 50
7833 6
7834 38
7835 4
7838 5
7839 6
7840 63
7841 66
7842 63
7843 63
7844 54
7845 45
7846 63
7847 48
7848 47
7849 59
7850 30
7851 16
7852 56
7853 74
7854 17
7855 16
7856 32
7857 36
7858 61
7859 58
7860 27
7861 38
7862 53
7863 32
7864 50
7865 48
7866 24
7867 2
7868 27
7872 35
7873 32
7874 26
7875 24
7876 57
7877 23
7878 20
7879 19
7883 18
7884 9
7885 36
7886 40
7887 52
7888 37
7889 27
7890 7
7891 3
7892 7
7893 41
7894 34
7895 29
7896 21
7897 10
7898 50
7899 49
7900 44
7901 41
7902 38
7903 47
7904 20
7905 26
7906 1
7907 14
7908 47
7909 38
7910 5
7911 1
7920 36
7921 32
7923 5
7924 20
7925 27
7926 7
7927 12
7936 55
7937 53
7938 59
7939 47
7940 60
7941 39
7942 55
7943 48
7944 53
7945 55
7946 33
7947 57
7948 70
7949 52
7950 62
7951 45
7952 39
7953 51
7954 40
7955 43
7956 41
7957 31
7958 37
7959 41
7960 54
7961 37
7962 66
7963 50
7964 52
7965 14
7966 67
7967 48
7968 59
7969 38
7970 74
7971 38
7972 51
7973 50
7974 32
7975 32
7976 47
7977 50
7978 41
7979 53
7980 31
7981 41
7982 56
7983 35
7984 36
7985 54
7986 24
7987 48
7988 45
7989 59
7990 55
7991 59
7992 47
7993 61
7994 58
7995 66
7996 79
7997 46
7998 53
7999 56
8000 51
8001 37
8002 50
8003 48
8004 31
8006 19
8008 45
8009 35
8010 17
8011 31
8012 6
8014 17
8032 63
8033 40
8034 62
8035 41
8036 38
8037 4
8038 28
8039 4
8040 49
8041 51
8042 44
8043 13
8044 23
8064 54
8065 28
8066 28
8067 58
8068 39
8069 45
8070 43
8071 64
8072 51
8073 55
8074 32
8075 45
8076 45
8077 53
8078 44
8079 17
8080 44
8081 58
8082 44
8083 47
8084 58
8085 49
8086 37
8087 9
8088 42
8089 15
8090 3
8096 22
8097 37
8098 49
8099 28
8100 28
8101 33
8102 23
8103 21
8104 5
8105 11
8108 3
8112 7
8128 12
8192 77
8193 68
8194 55
8195 87
8196 79
8197 57
8198 62
8199 78
8200 73
8201 74
8202 76
8203 57
8204 68
8205 64
8206 52
8207 49
8208 59
8209 55
8210 80
8211 59
8212 68
8213 48
8214 56
8215 74
8216 66
8217 52
8218 77
8219 74
8220 61
8221 70
8222 61
8223 56
8224 59
8225 62
8226 52
8227 64
8228 85
8229 65
8230 54
8231 63
8232 70
8233 60
8234 73
8235 68
8236 64
8237 63
8238 59
8239 74
8240 70
8241 63
8242 74
8243 69
8244 63
8245 65
8246 74
8247 74
8248 54
8249 58
8250 85
8251 71
8252 68
8253 79
8254 78
8255 79
8256 70
8257 68
8258 73
8259 66
8260 62
8261 83
8262 83
8263 83
8264 69
8265 73
8266 57
8267 69
8268 77
8269 71
8270 58
8271 78
8272 75
8273 66
8274 83
8275 53
8276 57
8277 58
8278 59
8279 70
8280 59
8281 58
8282 72
8283 80
8284 61
8285 75
8286 60
8287 66
8288 53
8289 67
8290 54
8291 61
8292 79
8293 70
8294 59
8295 56
8296 68
8297 63
8298 82
8299 56
8300 67
8301 78
8302 67
8303 101
8304 68
8305 64
8306 70
8307 76
8308 67
8309 57
8310 71
8311 41
8312 72
8313 58
8314 66
8315 51
8316 88
8317 62
8318 58
8319 76
8320 72
8321 62
8322 71
8323 74
8324 91
8325 81
8326 72
8327 68
8328 54
8329 71
8330 79
8331 60
8332 79
8333 72
8334 84
8335 93
8336 66
8337 66
8338 60
8339 81
8340 71
8341 82
8342 79
8343 71
8344 68
8345 68
8346 71
8347 55
8348 68
8349 75
8350 72
8351 68
8352 72
8353 68
8354 61
8355 73
8356 67
8357 58
8358 51
8359 67
8360 78
8361 81
8362 63
8363 75
8364 49
8365 56
8366 74
8367 58
8368 65
8369 72
8370 69
8371 66
8372 95
8373 68
8374 69
8375 66
8376 57
8377 69
8378 69
8379 72
8380 61
8381 73
8382 81
8383 87
8384 72
8385 79
8386 55
8387 76
8388 83
8389 77
8390 73
8391 57
8392 55
8393 76
8394 69
8395 92
8396 79
8397 63
8398 83
8399 66
8400 78
8401 83
8402 65
8403 68
8404 83
8405 80
8406 69
8407 89
8408 81
8409 73
8410 63
8411 70
8412 67
8413 69
8414 61
8415 87
8416 78
8417 66
8418 54
8419 52
8420 69
8421 71
8422 61
8423 85
8424 73
8425 77
8426 78
8427 66
8428 73
8429 67
8430 71
8431 71
8432 69
8433 55
8434 71
8435 83
8436 56
8437 66
8438 90
8439 70
8440 60
8441 59
8442 72
8443 72
8444 67
8445 74
8446 67
8447 76
8448 71
8449 53
8450 84
8451 75
8452 61
8453 78
8454 66
8455 78
8456 79
8457 76
8458 93
8459 61
8460 74
8461 77
8462 67
8463 55
8464 63
8465 77
8466 67
8467 69
8468 74
8469 75
8470 60
8471 51
8472 58
8473 82
8474 57
8475 74
8476 72
8477 94
8478 74
8479 75
8480 74
8481 68
8482 85
8483 54
8484 67
8485 68
8486 72
8487 59
8488 42
8489 80
8490 57
8491 74
8492 66
8493 75
8494 63
8495 69
8496 79
8497 68
8498 63
8499 59
8500 59
8501 69
8502 51
8503 73
8504 53
8505 65
8506 82
8507 62
8508 67
8509 67
8510 68
8511 85
8512 54
8513 65
8514 81
8515 56
8516 94
8517 56
8518 57
8519 61
8520 71
8521 65
8522 68
8523 78
8524 69
8525 51
8526 73
8527 75
8528 61
8529 79
8530 84
8531 78
8532 60
8533 70
8534 82
8535 60
8536 63
8537 70
8538 78
8539 86
8540 79
8541 71
8542 71
8543 66
8544 65
8545 67
8546 69
8547 67
8548 72
8549 85
8550 67
8551 79
8552 72
8553 72
8554 83
8555 62
8556 63
8557 63
8558 81
8559 68
8560 67
8561 65
8562 55
8563 75
8564 40
8565 53
8566 51
8567 55
8568 67
8569 63
8570 61
8571 62
8572 55
8573 56
8574 55
8575 65
8576 61
8577 59
8578 64
8579 75
8580 69
8581 72
8582 68
8583 60
8584 77
8585 75
8586 56
8587 67
8588 69
8589 82
8590 60
8591 83
8592 58
8593 65
8594 52
8595 65
8596 89
8597 62
8598 74
8599 79
8600 49
8601 69
8602 52
8603 78
8604 58
8605 77
8606 76
8607 81
8608 75
8609 64
8610 73
8611 79
8612 71
8613 65
8614 77
8615 82
8616 56
8617 66
8618 72
8619 71
8620 63
8621 72
8622 61
8623 70
8624 70
8625 72
8626 64
8627 80
8628 79
8629 67
8630 62
8631 37
8632 81
8633 80
8634 53
8635 66
8636 58
8637 64
8638 71
8639 70
8640 72
8641 85
8642 62
8643 69
8644 75
8645 71
8646 93
8647 68
8648 63
8649 88
8650 65
8651 80
8652 64
8653 55
8654 77
8655 57
8656 70
8657 73
8658 74
8659 72
8660 78
8661 71
8662 61
8663 51
8664 63
8665 66
8666 68
8667 63
8668 63
8669 53
8670 42
8671 54
8672 61
8673 67
8674 41
8675 62
8676 56
8677 62
8678 56
8679 59
8680 54
8681 84
8682 71
8683 74
8684 57
8685 68
8686 68
8687 56
8688 55
8689 73
8690 59
8691 63
8692 63
8693 51
8694 57
8695 56
8696 91
8697 60
8698 72
8699 71
8700 64
8701 69
8702 65
8703 65
8704 73
8705 68
8706 69
8707 63
8708 73
8709 58
8710 76
8711 80
8712 59
8713 85
8714 68
8715 75
8716 78
8717 60
8718 71
8719 72
8720 71
8721 73
8722 63
8723 66
8724 74
8725 87
8726 72
8727 55
8728 76
8729 71
8730 82
8731 80
8732 61
8733 72
8734 79
8735 84
8736 70
8737 72
8738 58
8739 79
8740 76
8741 58
8742 68
8743 72
8744 60
8745 58
8746 68
8747 73
8748 67
8749 68
8750 67
8751 62
8752 58
8753 66
8754 76
8755 58
8756 69
8757 71
8758 52
8759 36
8760 87
8761 81
8762 73
8763 58
8764 58
8765 49
8766 84
8767 33
8768 75
8769 67
8770 63
8771 54
8772 65
8773 68
8774 95
8775 83
8776 70
8777 63
8778 68
8779 71
8780 75
8781 66
8782 59
8783 65
8784 67
8785 72
8786 69
8787 47
8788 66
8789 59
8790 59
8791 75
8792 78
8793 64
8794 63
8795 74
8796 65
8797 45
8798 57
8799 59
8800 72
8801 71
8802 70
8803 51
8804 53
8805 59
8806 58
8807 41
8808 63
8809 59
8810 47
8811 76
8812 61
8813 55
8814 47
8815 45
8816 81
8817 74
8818 56
8819 67
8820 59
8821 65
8822 59
8823 68
8824 69
8825 57
8826 53
8827 65
8828 68
8829 46
8830 77
8831 35
8832 88
8833 53
8834 72
8835 67
8836 87
8837 75
8838 72
8839 85
8840 65
8841 75
8842 65
8843 60
8844 76
8845 63
8846 67
8847 52
8848 64
8849 60
8850 62
8851 52
8852 56
8853 41
8854 47
8855 61
8856 66
8857 63
8858 58
8859 70
8860 49
8861 60
8862 65
8863 57
8864 75
8865 58
8866 60
8867 69
8868 51
8869 63
8870 67
8871 69
8872 39
8873 55
8874 36
8875 79
8876 57
8877 55
8878 45
8879 39
8880 64
8881 57
8882 58
8883 50
8884 51
8885 51
8886 40
8887 12
8888 49
8889 45
8890 59
8891 41
8892 20
8893 33
8894 39
8895 40
8896 52
8897 51
8898 60
8899 60
8900 41
8901 47
8902 30
8903 53
8904 65
8905 62
8906 60
8907 52
8908 40
8909 64
8910 48
8911 58
8912 43
8913 62
8914 49
8915 41
8916 64
8917 40
8918 49
8919 36
8920 65
8921 57
8922 71
8923 62
8924 44
8925 33
8926 53
8927 48
8928 31
8929 47
8930 22
8931 25
8932 24
8933 42
8934 30
8935 19
8936 48
8937 53
8938 29
8939 45
8940 41
8941 53
8942 50
8943 47
8944 42
8945 60
8946 39
8947 43
8948 62
8949 64
8950 72
8951 70
8952 38
8953 54
8954 41
8955 61
8956 53
8957 62
8958 65
8959 53
8960 78
8961 71
8962 57
8963 57
8964 61
8965 47
8966 61
8967 58
8968 52
8969 67
8970 58
8971 81
8972 71
8973 69
8974 66
8975 60
8976 62
8977 49
8978 60
8979 61
8980 59
8981 75
8982 70
8983 67
8984 49
8985 66
8986 53
8987 65
8988 67
8989 62
8990 73
8991 63
8992 64
8993 66
8994 71
8995 61
8996 69
8997 66
8998 68
8999 76
9000 50
9001 68
9002 43
9003 58
9004 74
9005 64
9006 64
9007 62
9008 59
9009 67
9010 68
9011 79
9012 52
9013 51
9014 71
9015 84
9016 59
9017 54
9018 37
9019 68
9020 64
9021 57
9022 59
9023 64
9024 67
9025 47
9026 56
9027 46
9028 56
9029 76
9030 59
9031 67
9032 63
9033 53
9034 49
9035 51
9036 39
9037 78
9038 46
9039 54
9040 73
9041 68
9042 59
9043 69
9044 72
9045 67
9046 74
9047 78
9048 67
9049 67
9050 73
9051 64
9052 57
9053 82
9054 57
9055 77
9056 48
9057 50
9058 49
9059 61
9060 57
9061 80
9062 71
9063 68
9064 78
9065 68
9066 83
9067 88
9068 71
9069 78
9070 83
9071 66
9072 74
9073 78
9074 54
9075 56
9076 81
9077 63
9078 68
9079 58
9080 79
9081 85
9082 84
9083 58
9084 92
9085 63
9086 56
9087 74
9088 34
9089 55
9090 18
9091 36
9092 55
9093 50
9094 51
9095 63
9096 13
9097 26
9098 32
9099 37
9100 39
9101 68
9102 36
9103 54
9104 43
9105 53
9106 58
9107 71
9108 55
9109 58
9110 50
9111 87
9112 54
9113 73
9114 74
9115 79
9116 81
9117 62
9118 57
9119 74
9120 62
9121 52
9122 59
9123 45
9124 47
9125 47
9126 56
9127 50
9128 61
9129 56
9130 61
9131 78
9132 50
9133 79
9134 86
9135 89
9136 57
9137 70
9138 67
9139 78
9140 66
9141 53
9142 79
9143 78
9144 71
9145 62
9146 50
9147 75
9148 63
9149 81
9150 72
9151 87
9152 97
9153 72
9154 71
9155 77
9156 64
9157 64
9158 93
9159 59
9160 76
9161 82
9162 80
9163 64
9164 66
9165 65
9166 74
9167 55
9168 63
9169 63
9170 61
9171 69
9172 70
9173 76
9174 86
9175 66
9176 53
9177 66
9178 80
9179 82
9180 60
9181 72
9182 84
9183 55
9184 65
9185 62
9186 61
9187 58
9188 90
9189 71
9190 85
9191 51
9192 75
9193 47
9194 68
9195 66
9196 58
9197 52
9198 74
9199 68
9200 61
9201 91
9202 90
9203 63
9204 56
9205 69
9206 81
9207 60
9208 90
9209 71
9210 91
9211 66
9212 63
9213 61
9214 72
9215 53
9216 50
9217 51
9218 70
9219 51
9220 71
9221 71
9222 56
9223 59
9224 63
9225 60
9226 84
9227 66
9228 89
9229 72
9230 57
9231 63
9232 70
9233 75
9234 58
9235 63
9236 59
9237 48
9238 59
9239 61
9240 58
9241 61
9242 66
9243 54
9244 64
9245 56
9246 59
9247 56
9248 79
9249 57
9250 57
9251 69
9252 72
9253 54
9254 61
9255 54
9256 58
9257 69
9258 68
9259 76
9260 63
9261 56
9262 46
9263 55
9264 58
9265 52
9266 44
9267 53
9268 36
9269 40
9270 37
9271 45
9272 77
9273 66
9274 43
9275 62
9276 47
9277 55
9278 53
9279 72
9280 46
9281 58
9282 51
9283 40
9284 62
9285 48
9286 41
9287 72
9288 63
9289 31
9290 47
9291 18
9292 42
9293 58
9294 36
9295 56
9296 53
9297 72
9298 62
9299 58
9300 61
9301 63
9302 62
9303 68
9304 57
9305 73
9306 57
9307 66
9308 69
9309 93
9310 65
9311 57
9312 41
9313 59
9314 55
9315 69
9316 62
9317 65
9318 61
9319 72
9320 55
9321 75
9322 82
9323 77
9324 63
9325 54
9326 82
9327 66
9328 69
9329 68
9330 64
9331 50
9332 81
9333 81
9334 66
9335 68
9336 70
9337 60
9338 79
9339 66
9340 70
9341 65
9342 72
9343 69
9344 41
9345 65
9346 63
9347 49
9348 65
9349 42
9350 59
9351 54
9352 61
9353 48
9354 46
9355 47
9356 64
9357 77
9358 69
9359 65
9360 38
9361 67
9362 68
9363 62
9364 64
9365 78
9366 47
9367 70
9368 61
9369 65
9370 66
9371 67
9372 71
9373 65
9374 63
9375 60
9376 58
9377 64
9378 68
9379 70
9380 64
9381 85
9382 75
9383 89
9384 66
9385 74
9386 75
9387 69
9388 88
9389 85
9390 68
9391 67
9392 85
9393 73
9394 67
9395 83
9396 84
9397 80
9398 79
9399 83
9400 69
9401 77
9402 66
9403 74
9404 51
9405 60
9406 66
9407 72
9408 83
9409 92
9410 64
9411 65
9412 78
9413 68
9414 71
9415 79
9416 84
9417 57
9418 58
9419 66
9420 74
9421 64
9422 72
9423 59
9424 86
9425 65
9426 51
9427 64
9428 74
9429 61
9430 68
9431 76
9432 66
9433 77
9434 72
9435 69
9436 58
9437 66
9438 58
9439 57
9440 68
9441 75
9442 72
9443 47
9444 91
9445 78
9446 59
9447 65
9448 62
9449 68
9450 50
9451 61
9452 60
9453 42
9454 63
9455 69
9456 76
9457 66
9458 84
9459 53
9460 60
9461 58
9462 48
9463 68
9464 84
9465 88
9466 62
9467 67
9468 57
9469 69
9470 53
9471 69
9472 65
9473 66
9474 68
9475 87
9476 58
9477 73
9478 61
9479 57
9480 53
9481 76
9482 53
9483 53
9484 61
9485 79
9486 58
9487 81
9488 79
9489 63
9490 62
9491 61
9492 57
9493 58
9494 60
9495 65
9496 67
9497 62
9498 79
9499 55
9500 50
9501 56
9502 47
9503 38
9504 80
9505 49
9506 79
9507 76
9508 59
9509 60
9510 52
9511 58
9512 54
9513 71
9514 64
9515 89
9516 72
9517 54
9518 69
9519 74
9520 51
9521 39
9522 66
9523 58
9524 59
9525 69
9526 60
9527 42
9528 65
9529 48
9530 43
9531 46
9532 71
9533 40
9534 30
9535 12
9536 58
9537 57
9538 58
9539 60
9540 65
9541 63
9542 52
9543 68
9544 45
9545 47
9546 43
9547 37
9548 46
9549 59
9550 62
9551 49
9552 33
9553 37
9554 51
9555 35
9556 23
9557 54
9558 35
9559 47
9560 50
9561 32
9562 47
9563 37
9564 38
9565 44
9566 28
9567 33
9568 49
9569 41
9570 51
9571 46
9572 24
9573 18
9574 26
9575 7
9576 29
9577 51
9578 55
9579 41
9580 46
9581 38
9582 52
9583 45
9584 50
9585 22
9586 45
9587 33
9588 16
9589 42
9590 39
9591 49
9592 49
9593 25
9594 38
9595 49
9596 45
9597 59
9598 45
9599 39
9600 64
9601 52
9602 61
9603 54
9604 72
9605 42
9606 63
9607 59
9608 83
9609 51
9610 56
9611 48
9612 61
9613 67
9614 52
9615 52
9616 43
9617 49
9618 60
9619 65
9620 40
9621 29
9622 47
9623 32
9624 40
9625 51
9626 38
9627 57
9628 36
9629 37
9630 43
9631 14
9632 44
9633 55
9634 63
9635 71
9636 56
9637 55
9638 46
9639 63
9640 71
9641 73
9642 51
9643 51
9644 62
9645 35
9646 59
9647 31
9648 59
9649 72
9650 74
9651 57
9652 48
9653 10
9654 24
9655 8
9656 44
9657 30
9658 23
9659 25
9660 20
9661 22
9662 37
9663 39
9664 49
9665 48
9666 40
9667 34
9668 49
9669 42
9670 19
9671 15
9672 5
9673 20
9674 22
9675 32
9676 22
9677 1
9678 28
9679 7
9680 49
9681 32
9682 19
9683 40
9684 16
9685 21
9686 26
9687 36
9688 25
9689 33
9690 50
9691 46
9692 30
9693 37
9694 35
9695 34
9696 29
9697 39
9698 51
9699 52
9700 28
9701 9
9702 34
9703 38
9704 54
9705 43
9706 27
9707 52
9708 33
9709 31
9710 44
9711 35
9712 40
9713 46
9714 46
9715 45
9716 17
9717 19
9718 30
9719 36
9720 34
9721 41
9722 33
9723 51
9724 49
9725 44
9726 34
9727 41
9728 69
9729 60
9730 79
9731 73
9732 83
9733 75
9734 77
9735 55
9736 56
9737 54
9738 64
9739 75
9740 62
9741 79
9742 76
9743 93
9744 78
9745 80
9746 58
9747 67
9748 67
9749 63
9750 58
9751 58
9752 66
9753 78
9754 79
9755 74
9756 80
9757 67
9758 71
9759 58
9760 76
9761 70
9762 67
9763 69
9764 50
9765 73
9766 68
9767 69
9768 76
9769 67
9770 60
9771 71
9772 75
9773 77
9774 69
9775 71
9776 84
9777 85
9778 74
9779 75
9780 73
9781 56
9782 74
9783 77
9784 88
9785 69
9786 56
9787 78
9788 60
9789 64
9790 68
9791 75
9792 64
9793 73
9794 58
9795 53
9796 46
9797 76
9798 56
9799 52
9800 69
9801 59
9802 69
9803 73
9804 75
9805 84
9806 52
9807 62
9808 56
9809 77
9810 43
9811 66
9812 45
9813 56
9814 59
9815 74
9816 57
9817 50
9818 73
9819 71
9820 43
9821 37
9822 47
9823 26
9824 75
9825 63
9826 62
9827 50
9828 53
9829 62
9830 58
9831 53
9832 55
9833 61
9834 42
9835 51
9836 48
9837 64
9838 72
9839 54
9840 60
9841 60
9842 70
9843 59
9844 31
9845 46
9846 36
9847 40
9848 39
9849 51
9850 38
9851 39
9852 53
9853 48
9854 52
9855 42
9856 60
9857 69
9858 97
9859 83
9860 64
9861 69
9862 57
9863 69
9864 67
9865 84
9866 65
9867 70
9868 58
9869 76
9870 47
9871 76
9872 80
9873 71
9874 51
9875 60
9876 87
9877 63
9878 76
9879 51
9880 71
9881 57
9882 65
9883 40
9884 47
9885 59
9886 44
9887 48
9888 63
9889 49
9890 61
9891 55
9892 76
9893 71
9894 52
9895 28
9896 58
9897 51
9898 60
9899 38
9900 47
9901 20
9902 27
9903 5
9904 57
9905 40
9906 37
9907 48
9908 44
9909 50
9910 49
9911 67
9912 34
9913 40
9914 24
9915 54
9916 41
9917 27
9918 30
9919 1
9920 51
9921 57
9922 45
9923 48
9924 58
9925 57
9926 53
9927 58
9928 41
9929 50
9930 39
9931 19
9932 46
9933 43
9934 23
9935 28
9936 49
9937 33
9938 39
9939 41
9940 52
9941 59
9942 51
9943 57
9944 51
9945 32
9946 27
9947 49
9948 59
9949 44
9950 34
9951 28
9952 50
9953 35
9954 37
9955 31
9956 29
9957 9
9958 40
9959 27
9960 31
9961 42
9962 28
9963 21
9964 28
9965 24
9966 3
9968 44
9969 24
9970 39
9971 34
9972 27
9973 16
9974 16
9975 16
9976 41
9977 23
9978 5
9979 36
9980 14
9982 31
9983 16
9984 61
9985 55
9986 43
9987 47
9988 45
9989 50
9990 44
9991 43
9992 46
9993 60
9994 31
9995 46
9996 51
9997 55
9998 85
9999 75
10000 38
10001 34
10002 47
10003 44
10004 33
10005 38
10006 55
10007 54
10008 50
10009 39
10010 64
10011 45
10012 48
10013 40
10014 62
10015 46
10016 39
10017 66
10018 39
10019 49
10020 48
10021 51
10022 73
10023 40
10024 42
10025 63
10026 51
10027 49
10028 52
10029 44
10030 52
10031 35
10032 44
10033 44
10034 48
10035 14
10036 34
10037 40
10038 27
10039 13
10040 32
10041 42
10042 33
10043 52
10044 47
10045 4
10046 54
10047 48
10048 11
10049 41
10050 23
10051 41
10052 50
10053 44
10054 60
10055 60
10056 29
10057 50
10058 19
10059 25
10060 58
10061 48
10062 47
10063 39
10064 44
10065 44
10066 30
10067 43
10068 40
10069 26
10070 46
10071 26
10072 4
10073 37
10074 4
10075 61
10076 32
10077 27
10078 40
10079 24
10080 14
10081 45
10082 3
10083 20
10084 57
10085 18
10086 21
10087 23
10088 42
10089 67
10090 65
10091 35
10092 48
10093 20
10094 40
10095 35
10096 15
10097 50
10098 54
10099 45
10100 49
10101 25
10102 36
10103 50
10104 44
10105 31
10106 38
10107 43
10108 38
10109 52
10110 29
10111 37
10112 49
10113 55
10114 48
10115 55
10116 53
10117 52
10118 58
10119 55
10120 46
10121 44
10122 32
10123 58
10124 42
10125 35
10126 31
10127 28
10128 37
10129 49
10130 29
10131 53
10132 36
10133 51
10134 40
10135 48
10136 10
10137 15
10138 1
10140 7
10141 9
10144 40
10145 46
10146 40
10147 32
10148 48
10149 25
10150 20
10151 45
10152 4
10154 17
10155 12
10156 11
10157 34
10158 27
10159 46
10160 12
10161 1
10162 34
10163 15
10165 3
10168 38
10169 17
10170 40
10171 4
10176 55
10177 45
10178 64
10179 35
10180 40
10181 55
10182 34
10183 39
10184 28
10185 41
10186 37
10187 30
10188 50
10189 49
10190 41
10191 27
10192 53
10193 34
10194 46
10195 36
10196 33
10197 28
10198 21
10199 1
10200 50
10201 37
10202 29
10203 39
10204 17
10206 16
10208 37
10209 40
10210 33
10211 26
10212 18
10213 11
10215 8
10221 1
10224 33
10225 35
10226 35
10227 27
10228 5
10232 12
10233 33
10234 25
10235 38
10236 4
10238 11
10240 48
10241 38
10242 31
10243 44
10244 44
10245 39
10246 35
10247 13
10248 40
10249 35
10250 46
10251 70
10252 68
10253 36
10254 51
10255 37
10256 43
10257 46
10258 56
10259 55
10260 45
10261 26
10262 54
10263 4
10264 24
10265 40
10266 24
10267 34
10268 47
10269 27
10270 37
10271 38
10272 34
10273 53
10274 29
10275 40
10276 51
10277 43
10278 36
10279 36
10280 61
10281 33
10282 45
10283 22
10284 41
10285 37
10286 32
10287 39
10288 35
10289 59
10290 38
10291 65
10292 51
10293 48
10294 55
10295 37
10296 55
10297 45
10298 40
10299 50
10300 61
10301 67
10302 42
10303 59
10304 29
10305 25
10306 8
10307 38
10308 30
10309 36
10310 49
10311 24
10312 35
10313 36
10314 36
10315 27
10316 48
10317 56
10318 55
10319 55
10320 48
10321 75
10322 62
10323 61
10324 61
10325 58
10326 67
10327 83
10328 55
10329 44
10330 56
10331 67
10332 57
10333 75
10334 83
10335 75
10336 11
10337 3
10338 30
10339 38
10340 43
10341 51
10342 74
10343 66
10344 39
10345 47
10346 61
10347 58
10348 60
10349 52
10350 84
10351 99
10352 51
10353 84
10354 77
10355 74
10356 83
10357 62
10358 83
10359 62
10360 78
10361 81
10362 82
10363 62
10364 69
10365 74
10366 69
10367 61
10368 23
10369 4
10371 26
10372 36
10373 59
10374 35
10375 44
10376 42
10377 20
10378 52
10379 17
10380 42
10381 43
10382 40
10383 54
10384 33
10385 23
10386 45
10387 28
10388 27
10389 47
10390 53
10391 64
10392 45
10393 71
10394 33
10395 58
10396 68
10397 67
10398 72
10399 76
10400 43
10401 43
10402 41
10403 59
10404 49
10405 67
10406 65
10407 67
10408 75
10409 63
10410 67
10411 65
10412 67
10413 69
10414 61
10415 70
10416 60
10417 63
10418 86
10419 72
10420 62
10421 47
10422 75
10423 68
10424 66
10425 73
10426 68
10427 62
10428 65
10429 63
10430 75
10431 69
10432 64
10433 60
10434 64
10435 71
10436 69
10437 68
10438 62
10439 45
10440 52
10441 61
10442 63
10443 68
10444 79
10445 59
10446 67
10447 76
10448 57
10449 81
10450 70
10451 74
10452 95
10453 70
10454 66
10455 48
10456 56
10457 64
10458 72
10459 64
10460 73
10461 65
10462 77
10463 66
10464 51
10465 93
10466 79
10467 70
10468 60
10469 86
10470 76
10471 66
10472 63
10473 53
10474 57
10475 94
10476 76
10477 56
10478 62
10479 55
10480 82
10481 77
10482 63
10483 71
10484 68
10485 60
10486 65
10487 55
10488 66
10489 58
10490 76
10491 65
10492 85
10493 45
10494 56
10495 61
10496 77
10497 65
10498 80
10499 84
10500 73
10501 71
10502 80
10503 53
10504 77
10505 85
10506 76
10507 68
10508 74
10509 65
10510 54
10511 55
10512 82
10513 82
10514 85
10515 75
10516 78
10517 81
10518 64
10519 72
10520 66
10521 75
10522 74
10523 62
10524 78
10525 67
10526 65
10527 59
10528 70
10529 63
10530 74
10531 94
10532 66
10533 82
10534 60
10535 66
10536 71
10537 71
10538 61
10539 54
10540 72
10541 76
10542 57
10543 60
10544 64
10545 49
10546 56
10547 71
10548 68
10549 62
10550 67
10551 61
10552 52
10553 67
10554 53
10555 65
10556 62
10557 48
10558 46
10559 39
10560 71
10561 58
10562 72
10563 79
10564 80
10565 77
10566 58
10567 64
10568 60
10569 64
10570 66
10571 66
10572 74
10573 72
10574 60
10575 64
10576 69
10577 63
10578 74
10579 70
10580 76
10581 63
10582 72
10583 38
10584 67
10585 62
10586 69
10587 68
10588 54
10589 35
10590 36
10591 35
10592 63
10593 61
10594 39
10595 36
10596 59
10597 63
10598 30
10599 38
10600 35
10601 40
10602 34
10603 27
10604 19
10605 37
10606 30
10607 43
10608 34
10609 27
10610 37
10611 58
10612 33
10613 9
10614 6
10616 27
10617 39
10618 39
10619 13
10620 4
10624 68
10625 70
10626 78
10627 77
10628 69
10629 58
10630 69
10631 71
10632 78
10633 55
10634 79
10635 75
10636 65
10637 69
10638 65
10639 53
10640 45
10641 42
10642 36
10643 57
10644 36
10645 43
10646 52
10647 55
10648 47
10649 52
10650 66
10651 56
10652 51
10653 60
10654 50
10655 56
10656 44
10657 56
10658 59
10659 66
10660 50
10661 35
10662 75
10663 44
10664 69
10665 63
10666 59
10667 43
10668 52
10669 60
10670 37
10671 43
10672 26
10673 64
10674 49
10675 66
10676 54
10677 63
10678 66
10679 62
10680 65
10681 58
10682 65
10683 45
10684 47
10685 56
10686 36
10687 51
10688 24
10689 33
10690 40
10691 57
10692 23
10693 17
10694 56
10695 26
10696 50
10697 60
10698 61
10699 53
10700 47
10701 43
10702 47
10703 38
10704 4
10712 15
10714 5
10720 70
10721 59
10722 76
10723 32
10724 49
10725 11
10726 39
10727 10
10728 65
10729 40
10730 51
10731 58
10732 47
10734 26
10752 64
10753 75
10754 72
10755 75
10756 63
10757 67
10758 77
10759 65
10760 73
10761 62
10762 68
10763 55
10764 60
10765 72
10766 67
10767 61
10768 61
10769 60
10770 60
10771 61
10772 40
10773 63
10774 78
10775 76
10776 67
10777 84
10778 61
10779 68
10780 67
10781 71
10782 61
10783 51
10784 52
10785 66
10786 76
10787 85
10788 72
10789 75
10790 76
10791 52
10792 67
10793 68
10794 60
10795 82
10796 51
10797 78
10798 66
10799 65
10800 88
10801 65
10802 66
10803 81
10804 64
10805 61
10806 56
10807 43
10808 81
10809 54
10810 62
10811 59
10812 56
10813 50
10814 7
10815 15
10816 50
10817 64
10818 59
10819 58
10820 51
10821 73
10822 66
10823 54
10824 74
10825 51
10826 63
10827 58
10828 25
10829 20
10830 14
10831 1
10832 62
10833 60
10834 61
10835 46
10836 49
10837 41
10838 44
10839 7
10840 41
10841 29
10842 2
10844 6
10845 11
10846 11
10847 53
10848 50
10849 56
10850 65
10851 54
10852 45
10853 37
10854 46
10855 41
10856 40
10857 48
10858 27
10859 11
10860 34
10861 35
10862 15
10863 40
10864 35
10865 21
10866 43
10867 34
10868 24
10869 51
10870 70
10871 43
10872 57
10873 75
10874 55
10875 84
10876 62
10877 47
10878 68
10879 61
10880 71
10881 59
10882 72
10883 76
10884 58
10885 64
10886 30
10887 53
10888 66
10889 57
10890 48
10891 51
10892 49
10893 60
10894 37
10895 42
10896 51
10897 37
10898 28
10899 30
10900 3
10903 8
10904 28
10905 6
10906 12
10907 29
10908 1
10909 39
10910 41
10911 45
10912 20
10913 45
10916 36
10917 31
10918 15
10919 42
10920 8
10921 26
10922 36
10923 38
10924 41
10925 54
10926 49
10927 50
10928 42
10929 59
10930 53
10931 61
10932 58
10933 46
10934 61
10935 40
10936 63
10937 52
10938 36
10939 40
10940 47
10941 23
10942 10
10944 18
10945 34
10946 37
10947 53
10948 34
10949 43
10950 69
10951 50
10952 40
10953 49
10954 48
10955 42
10956 46
10957 28
10958 32
10959 22
10960 48
10961 52
10962 22
10963 15
10964 37
10965 23
10966 31
10967 45
10968 29
10969 25
10970 6
10971 38
10972 42
10973 35
10974 46
10975 50
10976 26
10977 3
10978 11
10980 1
10992 27
10993 43
10994 28
10995 48
10996 54
10997 43
10998 56
10999 62
11000 9
11001 28
11003 18
11004 47
11005 49
11006 44
11007 35
11008 19
11009 49
11010 22
11011 25
11012 46
11013 61
11014 59
11015 45
11016 45
11017 55
11018 58
11019 59
11020 47
11021 43
11022 57
11023 54
11024 56
11025 41
11026 44
11027 32
11028 60
11029 48
11030 47
11031 44
11032 41
11033 32
11034 40
11035 40
11036 30
11037 26
11038 40
11039 25
11040 54
11041 48
11042 23
11043 27
11044 77
11045 49
11046 52
11047 51
11048 40
11049 49
11050 49
11051 36
11052 43
11053 42
11054 50
11055 42
11056 51
11057 25
11058 36
11059 13
11060 50
11061 16
11062 2
11063 13
11064 18
11065 10
11066 33
11067 16
11069 17
11070 26
11071 42
11072 65
11073 57
11074 56
11075 43
11076 31
11078 12
11080 30
11081 22
11082 30
11083 32
11084 17
11085 2
11086 44
11087 21
11104 42
11105 24
11106 19
11107 15
11108 33
11109 4
11110 18
11111 41
11112 31
11113 39
11114 25
11115 50
11116 43
11117 37
11118 38
11119 28
11120 4
11122 39
11123 22
11128 33
11129 16
11130 10
11131 1
11136 47
11137 50
11138 51
11139 52
11140 49
11141 59
11142 60
11143 46
11144 51
11145 36
11146 43
11147 28
11148 30
11149 11
11150 1
11152 48
11153 24
11154 11
11156 34
11157 28
11158 8
11159 15
11168 49
11169 37
11170 49
11171 17
11176 37
11177 31
11178 35
11179 27
11180 10
11182 1
11200 29
11201 16
11264 33
11265 33
11266 18
11267 8
11268 23
11272 28
11273 33
11274 38
11275 37
11276 38
11277 11
11278 43
11279 23
11280 1
11281 7
11296 31
11297 17
11298 1
11299 12
11300 22
11301 8
11302 7
11344 20
11345 39
11346 18
11347 28
11348 44
11349 29
11350 27
11351 29
11352 2
11353 20
11357 21
11359 1
11520 38
11521 15
11522 32
11523 35
11524 23
11525 35
11526 11
11528 30
11529 24
11530 10
11532 2
11536 9
11571 4
11574 15
11575 5
11576 4
11577 26
11578 19
11579 28
11580 35
11581 2
11582 29
11583 7
11588 1
11589 15
11590 17
11591 36
11593 1
11595 3
11596 32
11597 32
11598 34
11599 34
11600 47
11601 38
11602 53
11603 49
11604 9
11608 43
11609 17
11610 4
11617 1
11620 21
11621 11
11664 25
11665 29
11666 8
11667 20
11668 23
11669 1
11670 7
11792 1
11793 17
11794 17
11795 34
11796 40
11797 26
11798 38
11799 37
11800 22
11801 39
11802 1
11803 5
11804 36
11805 13
11806 2
11842 1
12288 63
12289 63
12290 48
12291 69
12292 65
12293 50
12294 67
12295 76
12296 62
12297 59
12298 67
12299 60
12300 59
12301 59
12302 57
12303 75
12304 67
12305 56
12306 66
12307 58
12308 74
12309 66
12310 57
12311 68
12312 66
12313 63
12314 41
12315 54
12316 65
12317 85
12318 70
12319 77
12320 73
12321 65
12322 59
12323 56
12324 67
12325 75
12326 67
12327 57
12328 57
12329 66
12330 21
12331 36
12332 42
12333 43
12334 32
12335 23
12336 59
12337 57
12338 70
12339 71
12340 63
12341 87
12342 66
12343 72
12344 61
12345 53
12346 11
12347 50
12348 60
12349 70
12350 63
12351 58
12352 72
12353 73
12354 79
12355 74
12356 65
12357 61
12358 61
12359 69
12360 79
12361 68
12362 75
12363 65
12364 66
12365 52
12366 69
12367 72
12368 84
12369 71
12370 75
12371 92
12372 66
12373 45
12374 61
12375 27
12376 44
12377 52
12378 32
12379 18
12380 35
12381 25
12382 15
12383 39
12384 77
12385 59
12386 68
12387 70
12388 73
12389 62
12390 47
12391 67
12392 56
12393 65
12394 62
12395 39
12396 54
12397 27
12398 4
12399 30
12400 48
12401 19
12402 30
12403 23
12404 36
12405 38
12406 28
12407 31
12408 20
12409 23
12410 37
12411 5
12412 15
12413 39
12417 6
12420 22
12421 20
12436 37
12437 38
12438 6
12439 30
12445 1
12480 35
12481 25
12482 25
12483 12
12484 20
12485 24
12486 30
12487 21
12488 9
12492 27
12493 42
12494 1
12495 19
12496 24
12497 1
12498 33
12499 27
12500 21
12501 37
12502 42
12503 39
12504 40
12505 32
12506 17
12507 3
12508 34
12509 51
12510 15
12511 34
12544 42
12545 64
12546 35
12547 37
12548 53
12549 30
12550 53
12551 64
12552 42
12553 56
12554 37
12555 26
12556 52
12557 51
12558 35
12559 42
12560 7
12561 21
12562 35
12563 36
12564 23
12565 12
12566 61
12567 33
12568 58
12569 49
12570 43
12571 26
12572 55
12573 49
12574 43
12575 46
12576 38
12577 30
12578 38
12579 24
12580 27
12581 7
12582 8
12583 8
12584 16
12589 11
12590 7
12591 2
12592 37
12593 31
12594 48
12595 56
12596 22
12597 26
12598 53
12599 6
12600 54
12601 42
12602 47
12603 46
12604 55
12605 29
12606 46
12607 41
12610 24
12613 15
12615 16
12616 40
12617 10
12618 33
12619 31
12620 35
12621 40
12622 65
12623 44
12624 27
12625 32
12626 22
12627 27
12628 41
12629 38
12630 38
12631 51
12632 32
12633 49
12634 52
12635 35
12636 38
12637 33
12638 68
12639 39
12640 19
12641 20
12643 2
12644 59
12645 46
12646 31
12647 51
12650 12
12651 9
12653 8
12654 4
12655 28
12656 74
12657 75
12658 16
12659 61
12660 60
12661 55
12662 57
12663 51
12664 15
12665 21
12666 29
12667 31
12668 41
12669 31
12670 26
12671 50
12672 16
12673 17
12674 56
12675 38
12676 36
12677 33
12678 28
12679 29
12680 51
12681 37
12682 30
12683 15
12684 28
12685 32
12686 10
12687 8
12688 12
12689 47
12690 24
12691 36
12692 30
12693 51
12694 23
12695 50
12696 8
12697 23
12700 41
12701 34
12736 27
12737 27
12738 27
12739 38
12740 6
12741 44
12742 44
12743 14
12744 37
12745 35
12746 13
12747 37
12748 32
12749 23
12750 28
12751 14
12752 20
12753 44
12754 32
12755 19
12756 50
12757 59
12758 61
12759 61
12764 48
12765 47
12766 32
12767 37
12769 5
12772 2
12788 20
12789 29
13312 36
13313 22
13314 42
13315 34
13316 19
13317 30
13318 49
13319 57
13320 36
13321 36
13322 24
13323 31
13324 53
13325 57
13326 32
13327 59
13328 36
13329 56
13330 47
13331 49
13332 47
13333 41
13334 30
13335 46
13336 47
13337 63
13338 55
13339 26
13340 27
13341 17
13343 13
13344 17
13345 54
13346 50
13347 47
13348 50
13349 49
13350 67
13351 49
13352 21
13353 69
13354 45
13355 48
13356 60
13357 52
13358 46
13359 51
13360 39
13361 47
13362 56
13363 71
13364 37
13365 40
13366 76
13367 39
13368 65
13369 51
13370 40
13371 44
13372 48
13373 36
13374 61
13375 55
13376 21
13377 35
13378 10
13379 37
13380 30
13381 40
13382 40
13383 48
13384 7
13385 37
13386 35
13387 43
13388 45
13389 53
13390 47
13391 55
13392 17
13393 47
13394 28
13395 54
13396 67
13397 57
13398 71
13399 49
13400 52
13401 50
13402 45
13403 38
13404 70
13405 55
13406 49
13407 22
13408 54
13409 53
13410 64
13411 60
13412 48
13413 56
13414 63
13415 52
13416 49
13417 56
13418 78
13419 71
13420 70
13421 66
13422 78
13423 35
13424 74
13425 53
13426 58
13427 46
13428 37
13430 25
13432 65
13433 41
13434 20
13435 5
13436 6
13440 60
13441 39
13442 54
13443 27
13444 49
13445 52
13446 54
13447 59
13448 55
13449 22
13450 30
13451 28
13452 42
13453 68
13454 32
13455 27
13456 55
13457 46
13458 69
13459 45
13460 59
13461 59
13462 66
13463 43
13464 48
13465 28
13466 25
13468 30
13469 24
13472 10
13473 1
13476 7
13477 16
13504 66
13505 54
13506 52
13507 63
13508 61
13509 24
13510 49
13511 10
13512 11
13513 26
13516 3
13568 57
13569 56
13570 56
13571 39
13572 62
13573 34
13574 40
13575 25
13576 55
13577 26
13578 5
13579 5
13580 17
13584 6
14890 3
14976 31
14977 10
14978 36
14979 19
14982 14
14983 9
14984 57
14985 54
14986 58
14987 57
14988 31
14989 31
14990 54
14991 43
14994 11
14995 2
15000 32
15001 20
15002 48
15003 51
15004 5
15005 18
15006 57
15007 42
15008 64
15009 58
15010 59
15011 36
15012 49
15013 55
15014 45
15015 40
15016 24
15017 32
15018 48
15019 40
15020 42
15021 45
15022 54
15023 41
15024 42
15025 59
15026 65
15027 45
15028 62
15029 61
15030 36
15031 52
15032 41
15033 47
15034 34
15035 52
15036 40
15037 53
15038 41
15039 47
15048 23
15049 22
15050 43
15051 57
15052 11
15053 15
15054 54
15055 61
15059 1
15061 4
15062 26
15063 39
15064 20
15065 42
15066 56
15067 49
15068 51
15069 55
15070 53
15071 76
15072 45
15073 48
15074 60
15075 45
15076 63
15077 48
15078 31
15079 25
15080 56
15081 27
15082 39
15083 47
15084 39
15085 33
15086 42
15087 73
15088 38
15089 54
15090 23
15091 49
15092 56
15093 44
15094 58
15095 36
15096 44
15097 42
15098 47
15099 42
15100 47
15101 34
15102 37
15103 34
15226 4
15227 13
15229 9
15230 7
15231 40
15232 13
15233 13
15234 41
15235 42
15236 5
15237 12
15238 49
15239 38
15240 50
15241 50
15242 46
15243 37
15244 63
15245 58
15246 51
15247 76
15248 21
15249 13
15250 51
15251 39
15252 2
15254 22
15256 61
15257 45
15258 59
15259 38
15260 43
15261 31
15262 30
15263 30
15264 70
15265 38
15266 40
15267 36
15268 33
15269 40
15270 56
15271 58
15272 18
15273 37
15274 15
15275 11
15276 34
15277 34
15278 17
15279 10
15280 28
15281 40
15282 54
15283 50
15284 48
15285 48
15286 41
15287 63
15288 49
15289 41
15290 25
15291 47
15292 40
15293 31
15294 45
15295 31
15298 3
15301 20
15302 10
15303 26
15304 33
15305 30
15306 51
15307 40
15308 22
15309 39
15310 39
15311 26
15312 33
15313 37
15314 29
15315 24
15316 38
15317 40
15318 24
15319 4
15320 29
15321 5
15322 25
15323 25
15324 27
15325 23
15326 34
15327 27
15328 36
15329 37
15330 35
15331 31
15332 45
15333 21
15334 30
15335 6
15336 19
15337 8
15338 6
15345 11
15348 21
15349 15
15907 5
15912 31
15913 39
15914 53
15915 51
15916 44
15917 39
15918 65
15919 29
15922 8
15927 10
15928 25
15929 22
15930 31
15931 28
15932 18
15933 41
15934 41
15935 47
15970 14
15971 3
15976 50
15977 43
15978 61
15979 66
15980 5
15982 29
16000 51
16001 37
16002 8
16003 3
16004 47
16005 44
16006 45
16007 34
16008 45
16009 26
16010 32
16011 3
16012 39
16013 40
16014 1
16015 8
16016 38
16017 33
16018 33
16019 50
16020 39
16021 51
16022 22
16023 13
16024 35
16025 15
16026 4
16027 15
16028 13
16029 28
16030 35
16031 34
16032 4
16039 8
16045 27
16047 2
16048 7
16049 30
16050 34
16051 27
16052 37
16053 31
16054 36
16055 24
16056 27
16057 26
16058 4
16060 15
16064 54
16065 45
16066 26
16067 10
16068 10
16070 7
16071 18
16072 30
16073 35
16074 31
16075 55
16076 30
16077 25
16078 33
16079 34
16082 9
16083 1
16088 24
16089 3
16090 19
16096 6
16097 9
16100 7
16101 4
16725 20
16727 42
16733 23
16734 12
16735 25
16753 4
16755 3
16756 48
16757 58
16758 43
16759 32
16761 8
16762 28
16763 37
16764 53
16765 55
16766 27
16767 28
16837 13
16839 8
16843 15
16845 16
16846 33
16847 34
16848 49
16849 59
16850 75
16851 73
16852 37
16853 19
16854 64
16855 51
16856 54
16857 50
16858 44
16859 56
16860 70
16861 75
16862 58
16863 70
16865 25
16867 19
16868 42
16869 46
16870 40
16871 33
16874 1
16876 9
16877 22
16878 7
16879 45
16880 36
16881 58
16882 52
16883 55
16884 73
16885 73
16886 61
16887 82
16888 60
16889 69
16890 67
16891 54
16892 68
16893 69
16894 53
16895 56
17107 2
17109 4
17110 9
17111 4
17113 21
17114 4
17115 41
17116 45
17117 34
17118 30
17119 36
17133 11
17135 6
17137 17
17138 18
17139 43
17140 33
17141 50
17142 33
17143 46
17144 33
17145 49
17146 36
17147 42
17148 40
17149 34
17150 55
17151 51
17171 10
17172 6
17173 24
17174 32
17175 54
17176 3
17177 22
17178 17
17179 35
17180 59
17181 54
17182 52
17183 55
17195 4
17196 3
17197 23
17198 10
17199 33
17200 21
17201 27
17202 8
17203 59
17204 50
17205 62
17206 65
17207 42
17208 16
17209 38
17210 47
17211 63
17212 56
17213 76
17214 60
17215 69
17216 47
17217 26
17218 42
17219 59
17220 58
17221 54
17222 54
17223 55
17224 67
17225 53
17226 56
17227 75
17228 69
17229 59
17230 55
17231 54
17232 75
17233 80
17234 81
17235 60
17236 73
17237 70
17238 82
17239 67
17240 82
17241 58
17242 65
17243 71
17244 89
17245 77
17246 81
17247 88
17248 55
17249 58
17250 66
17251 62
17252 53
17253 49
17254 71
17255 81
17256 66
17257 67
17258 57
17259 75
17260 69
17261 62
17262 66
17263 80
17264 66
17265 72
17266 59
17267 73
17268 74
17269 64
17270 77
17271 80
17272 64
17273 62
17274 88
17275 50
17276 73
17277 73
17278 68
17279 61
17280 38
17281 30
17282 29
17283 25
17284 37
17285 20
17286 42
17287 38
17288 54
17289 64
17290 50
17291 52
17292 51
17293 23
17294 63
17295 60
17296 43
17297 54
17298 56
17299 70
17300 65
17301 61
17302 59
17303 67
17304 42
17305 70
17306 73
17307 52
17308 48
17309 75
17310 73
17311 65
17312 43
17313 57
17314 18
17315 48
17316 60
17317 61
17318 50
17319 59
17320 59
17321 47
17322 46
17323 64
17324 58
17325 78
17326 72
17327 73
17328 68
17329 70
17330 69
17331 63
17332 73
17333 65
17334 64
17335 76
17336 57
17337 55
17338 93
17339 85
17340 65
17341 81
17342 76
17343 76
17344 47
17345 64
17346 70
17347 80
17348 73
17349 67
17350 70
17351 83
17352 58
17353 78
17354 78
17355 71
17356 73
17357 77
17358 69
17359 61
17360 66
17361 74
17362 70
17363 81
17364 81
17365 89
17366 69
17367 55
17368 81
17369 66
17370 89
17371 65
17372 99
17373 76
17374 80
17375 69
17376 75
17377 61
17378 86
17379 68
17380 66
17381 70
17382 77
17383 65
17384 62
17385 76
17386 86
17387 66
17388 80
17389 80
17390 73
17391 72
17392 78
17393 84
17394 83
17395 54
17396 83
17397 53
17398 75
17399 76
17400 58
17401 71
17402 78
17403 85
17404 98
17405 71
17406 85
17407 82
17408 39
17409 50
17410 42
17411 66
17412 74
17413 55
17414 75
17415 46
17416 45
17417 52
17418 39
17419 40
17420 72
17421 35
17422 37
17423 43
17424 67
17425 33
17426 70
17427 26
17428 53
17429 71
17430 55
17431 62
17432 43
17433 42
17434 49
17435 74
17436 70
17437 82
17438 72
17439 72
17440 50
17441 45
17442 58
17443 44
17444 33
17445 32
17446 41
17447 52
17448 45
17449 38
17450 42
17451 59
17452 61
17453 52
17454 57
17455 45
17456 63
17457 61
17458 78
17459 68
17460 82
17461 83
17462 74
17463 77
17464 44
17465 63
17466 76
17467 73
17468 92
17469 69
17470 65
17471 97
17472 68
17473 69
17474 73
17475 58
17476 75
17477 65
17478 74
17479 76
17480 67
17481 70
17482 78
17483 79
17484 65
17485 67
17486 43
17487 76
17488 80
17489 77
17490 81
17491 78
17492 62
17493 83
17494 68
17495 79
17496 66
17497 75
17498 59
17499 74
17500 87
17501 77
17502 78
17503 74
17504 85
17505 57
17506 62
17507 61
17508 75
17509 73
17510 51
17511 86
17512 61
17513 60
17514 58
17515 66
17516 55
17517 86
17518 77
17519 59
17520 85
17521 74
17522 77
17523 76
17524 81
17525 86
17526 76
17527 74
17528 76
17529 71
17530 88
17531 81
17532 76
17533 83
17534 99
17535 65
17536 65
17537 55
17538 54
17539 57
17540 68
17541 63
17542 68
17543 55
17544 57
17545 76
17546 65
17547 48
17548 69
17549 69
17550 85
17551 67
17552 65
17553 54
17554 83
17555 58
17556 70
17557 73
17558 55
17559 69
17560 51
17561 60
17562 47
17563 68
17564 80
17565 78
17566 66
17567 81
17568 70
17569 69
17570 77
17571 61
17572 85
17573 84
17574 82
17575 90
17576 74
17577 58
17578 77
17579 75
17580 75
17581 67
17582 65
17583 54
17584 59
17585 70
17586 62
17587 89
17588 53
17589 76
17590 61
17591 59
17592 74
17593 66
17594 59
17595 70
17596 50
17597 68
17598 88
17599 88
17600 70
17601 64
17602 60
17603 58
17604 79
17605 82
17606 48
17607 93
17608 81
17609 85
17610 81
17611 75
17612 67
17613 81
17614 70
17615 77
17616 55
17617 58
17618 77
17619 82
17620 69
17621 62
17622 85
17623 72
17624 75
17625 72
17626 81
17627 63
17628 75
17629 80
17630 70
17631 80
17632 66
17633 72
17634 75
17635 65
17636 69
17637 84
17638 75
17639 67
17640 71
17641 70
17642 75
17643 88
17644 72
17645 61
17646 79
17647 58
17648 82
17649 65
17650 96
17651 84
17652 62
17653 59
17654 67
17655 87
17656 78
17657 66
17658 59
17659 72
17660 52
17661 68
17662 88
17663 74
17664 87
17665 93
17666 62
17667 74
17668 61
17669 71
17670 75
17671 77
17672 76
17673 85
17674 76
17675 61
17676 67
17677 87
17678 84
17679 81
17680 53
17681 67
17682 89
17683 56
17684 64
17685 57
17686 89
17687 61
17688 77
17689 77
17690 50
17691 64
17692 97
17693 72
17694 67
17695 67
17696 95
17697 65
17698 79
17699 87
17700 85
17701 71
17702 95
17703 63
17704 54
17705 68
17706 76
17707 84
17708 60
17709 54
17710 68
17711 76
17712 76
17713 77
17714 66
17715 56
17716 61
17717 83
17718 66
17719 82
17720 62
17721 70
17722 89
17723 97
17724 61
17725 83
17726 84
17727 79
17728 76
17729 68
17730 82
17731 59
17732 75
17733 66
17734 73
17735 67
17736 74
17737 80
17738 63
17739 76
17740 88
17741 55
17742 73
17743 62
17744 58
17745 64
17746 80
17747 71
17748 81
17749 72
17750 53
17751 74
17752 83
17753 90
17754 67
17755 81
17756 94
17757 74
17758 88
17759 89
17760 77
17761 84
17762 71
17763 59
17764 77
17765 67
17766 81
17767 70
17768 69
17769 82
17770 56
17771 75
17772 87
17773 73
17774 74
17775 78
17776 74
17777 58
17778 70
17779 73
17780 63
17781 80
17782 65
17783 75
17784 71
17785 86
17786 90
17787 83
17788 75
17789 70
17790 72
17791 70
17792 87
17793 87
17794 79
17795 67
17796 89
17797 73
17798 53
17799 79
17800 77
17801 93
17802 82
17803 88
17804 76
17805 69
17806 98
17807 83
17808 86
17809 64
17810 58
17811 46
17812 78
17813 95
17814 59
17815 82
17816 83
17817 69
17818 71
17819 65
17820 62
17821 90
17822 72
17823 80
17824 105
17825 69
17826 73
17827 59
17828 64
17829 55
17830 73
17831 86
17832 95
17833 69
17834 72
17835 67
17836 83
17837 82
17838 67
17839 69
17840 77
17841 65
17842 75
17843 69
17844 79
17845 55
17846 79
17847 74
17848 82
17849 71
17850 72
17851 71
17852 64
17853 80
17854 66
17855 56
17856 81
17857 58
17858 66
17859 62
17860 81
17861 84
17862 86
17863 64
17864 69
17865 74
17866 86
17867 78
17868 83
17869 74
17870 70
17871 78
17872 65
17873 86
17874 55
17875 66
17876 61
17877 74
17878 64
17879 49
17880 75
17881 69
17882 65
17883 66
17884 59
17885 77
17886 63
17887 63
17888 71
17889 72
17890 54
17891 85
17892 103
17893 83
17894 81
17895 62
17896 64
17897 81
17898 67
17899 69
17900 88
17901 72
17902 69
17903 54
17904 74
17905 55
17906 71
17907 98
17908 80
17909 72
17910 79
17911 70
17912 66
17913 60
17914 62
17915 83
17916 61
17917 67
17918 49
17919 73
17920 67
17921 93
17922 76
17923 55
17924 50
17925 79
17926 52
17927 83
17928 75
17929 63
17930 81
17931 80
17932 72
17933 57
17934 57
17935 82
17936 87
17937 72
17938 70
17939 77
17940 82
17941 82
17942 72
17943 60
17944 76
17945 75
17946 72
17947 71
17948 85
17949 79
17950 84
17951 71
17952 69
17953 66
17954 92
17955 62
17956 84
17957 72
17958 80
17959 79
17960 64
17961 76
17962 94
17963 72
17964 82
17965 67
17966 73
17967 82
17968 88
17969 65
17970 69
17971 65
17972 82
17973 77
17974 69
17975 79
17976 68
17977 77
17978 55
17979 70
17980 64
17981 62
17982 91
17983 78
17984 79
17985 81
17986 75
17987 64
17988 76
17989 67
17990 65
17991 73
17992 74
17993 77
17994 80
17995 58
17996 62
17997 63
17998 66
17999 68
18000 71
18001 64
18002 76
18003 68
18004 64
18005 75
18006 65
18007 71
18008 60
18009 73
18010 64
18011 68
18012 71
18013 68
18014 58
18015 87
18016 70
18017 73
18018 73
18019 89
18020 70
18021 81
18022 68
18023 79
18024 93
18025 68
18026 91
18027 78
18028 62
18029 81
18030 85
18031 75
18032 73
18033 73
18034 69
18035 99
18036 80
18037 84
18038 72
18039 77
18040 77
18041 76
18042 69
18043 84
18044 79
18045 71
18046 67
18047 82
18048 67
18049 80
18050 59
18051 67
18052 87
18053 71
18054 91
18055 82
18056 59
18057 70
18058 77
18059 55
18060 84
18061 84
18062 60
18063 73
18064 85
18065 70
18066 76
18067 81
18068 75
18069 63
18070 80
18071 81
18072 71
18073 68
18074 78
18075 75
18076 75
18077 58
18078 96
18079 59
18080 77
18081 74
18082 89
18083 69
18084 66
18085 60
18086 56
18087 70
18088 83
18089 65
18090 80
18091 72
18092 54
18093 84
18094 70
18095 88
18096 65
18097 63
18098 72
18099 60
18100 87
18101 89
18102 65
18103 59
18104 49
18105 84
18106 75
18107 61
18108 69
18109 56
18110 80
18111 71
18112 92
18113 85
18114 56
18115 63
18116 68
18117 67
18118 68
18119 56
18120 59
18121 94
18122 79
18123 79
18124 72
18125 67
18126 84
18127 80
18128 71
18129 70
18130 68
18131 80
18132 67
18133 98
18134 63
18135 73
18136 74
18137 68
18138 68
18139 53
18140 66
18141 56
18142 63
18143 62
18144 78
18145 71
18146 83
18147 65
18148 60
18149 81
18150 90
18151 77
18152 81
18153 81
18154 64
18155 52
18156 62
18157 61
18158 72
18159 64
18160 82
18161 95
18162 68
18163 73
18164 55
18165 63
18166 78
18167 63
18168 86
18169 63
18170 47
18171 63
18172 48
18173 91
18174 66
18175 56
18176 68
18177 63
18178 82
18179 69
18180 80
18181 52
18182 94
18183 92
18184 59
18185 86
18186 79
18187 65
18188 74
18189 76
18190 82
18191 71
18192 86
18193 75
18194 71
18195 72
18196 76
18197 71
18198 69
18199 60
18200 92
18201 77
18202 67
18203 72
18204 76
18205 67
18206 87
18207 71
18208 98
18209 70
18210 77
18211 79
18212 65
18213 87
18214 63
18215 65
18216 44
18217 60
18218 75
18219 68
18220 62
18221 51
18222 59
18223 53
18224 82
18225 69
18226 81
18227 83
18228 72
18229 80
18230 70
18231 70
18232 72
18233 74
18234 59
18235 87
18236 42
18237 74
18238 74
18239 69
18240 68
18241 79
18242 78
18243 75
18244 75
18245 78
18246 65
18247 70
18248 70
18249 86
18250 59
18251 61
18252 62
18253 59
18254 55
18255 75
18256 73
18257 81
18258 74
18259 54
18260 65
18261 53
18262 60
18263 66
18264 92
18265 78
18266 84
18267 75
18268 53
18269 60
18270 56
18271 69
18272 63
18273 79
18274 71
18275 61
18276 67
18277 76
18278 60
18279 55
18280 88
18281 61
18282 64
18283 65
18284 62
18285 57
18286 69
18287 83
18288 59
18289 80
18290 65
18291 50
18292 69
18293 64
18294 73
18295 63
18296 65
18297 58
18298 57
18299 75
18300 57
18301 64
18302 52
18303 65
18304 49
18305 77
18306 57
18307 61
18308 71
18309 72
18310 76
18311 81
18312 57
18313 73
18314 57
18315 60
18316 67
18317 77
18318 56
18319 53
18320 67
18321 62
18322 65
18323 62
18324 57
18325 71
18326 56
18327 61
18328 65
18329 73
18330 57
18331 69
18332 59
18333 55
18334 74
18335 70
18336 77
18337 61
18338 63
18339 85
18340 72
18341 64
18342 77
18343 75
18344 63
18345 85
18346 64
18347 80
18348 75
18349 72
18350 79
18351 56
18352 73
18353 63
18354 78
18355 77
18356 63
18357 57
18358 67
18359 84
18360 63
18361 65
18362 73
18363 77
18364 53
18365 70
18366 62
18367 87
18368 75
18369 79
18370 54
18371 72
18372 74
18373 78
18374 75
18375 70
18376 73
18377 65
18378 68
18379 69
18380 63
18381 67
18382 67
18383 71
18384 78
18385 63
18386 56
18387 79
18388 54
18389 67
18390 64
18391 73
18392 81
18393 54
18394 55
18395 70
18396 65
18397 62
18398 60
18399 73
18400 54
18401 81
18402 75
18403 63
18404 66
18405 87
18406 84
18407 81
18408 71
18409 64
18410 54
18411 85
18412 71
18413 67
18414 89
18415 77
18416 86
18417 67
18418 60
18419 83
18420 63
18421 69
18422 78
18423 86
18424 60
18425 52
18426 76
18427 60
18428 59
18429 76
18430 53
18431 55
18460 1
18461 28
18462 13
18463 31
18479 17
18484 2
18485 40
18487 4
18488 15
18489 16
18490 40
18491 33
18492 2
18493 1
18494 29
18495 1
18497 10
18498 1
18499 19
18500 43
18501 28
18502 52
18503 33
18504 45
18505 35
18506 44
18507 59
18508 40
18509 42
18510 22
18511 21
18512 16
18513 35
18514 33
18515 21
18516 40
18517 57
18518 74
18519 64
18520 24
18521 25
18522 22
18523 33
18524 54
18525 87
18526 48
18527 50
18528 56
18529 42
18530 45
18531 41
18532 36
18533 34
18534 44
18535 61
18536 35
18537 57
18538 28
18539 66
18540 65
18541 62
18542 66
18543 75
18544 51
18545 54
18546 51
18547 51
18548 68
18549 50
18550 69
18551 77
18552 62
18553 84
18554 71
18555 78
18556 74
18557 63
18558 83
18559 84
18563 2
18565 15
18566 27
18567 14
18569 17
18570 8
18571 14
18572 44
18573 41
18574 40
18575 41
18576 38
18577 36
18578 22
18579 41
18580 48
18581 23
18582 42
18583 50
18584 33
18585 27
18586 58
18587 48
18588 41
18589 76
18590 56
18591 73
18592 42
18593 33
18594 33
18595 14
18596 40
18597 39
18598 21
18599 43
18600 35
18601 35
18602 34
18603 51
18604 6
18605 46
18606 45
18607 42
18608 51
18609 55
18610 42
18611 65
18612 60
18613 75
18614 47
18615 51
18616 62
18617 68
18618 58
18619 64
18620 68
18621 64
18622 61
18623 57
18624 51
18625 69
18626 57
18627 63
18628 48
18629 80
18630 68
18631 62
18632 50
18633 70
18634 61
18635 66
18636 76
18637 73
18638 69
18639 74
18640 66
18641 79
18642 50
18643 65
18644 75
18645 74
18646 66
18647 70
18648 58
18649 78
18650 74
18651 79
18652 69
18653 85
18654 66
18655 54
18656 55
18657 52
18658 73
18659 76
18660 89
18661 59
18662 78
18663 67
18664 64
18665 58
18666 51
18667 70
18668 75
18669 54
18670 70
18671 63
18672 61
18673 72
18674 66
18675 79
18676 82
18677 66
18678 65
18679 63
18680 70
18681 77
18682 71
18683 71
18684 62
18685 95
18686 68
18687 57
18688 62
18689 80
18690 81
18691 63
18692 63
18693 82
18694 79
18695 63
18696 83
18697 83
18698 62
18699 62
18700 68
18701 87
18702 77
18703 78
18704 79
18705 79
18706 69
18707 72
18708 71
18709 76
18710 72
18711 67
18712 51
18713 78
18714 57
18715 66
18716 65
18717 64
18718 77
18719 70
18720 61
18721 59
18722 80
18723 68
18724 71
18725 65
18726 63
18727 58
18728 41
18729 50
18730 54
18731 65
18732 61
18733 73
18734 60
18735 74
18736 81
18737 59
18738 66
18739 78
18740 70
18741 69
18742 72
18743 89
18744 61
18745 67
18746 78
18747 73
18748 68
18749 88
18750 83
18751 69
18752 64
18753 84
18754 71
18755 67
18756 72
18757 77
18758 73
18759 73
18760 75
18761 92
18762 83
18763 73
18764 73
18765 69
18766 59
18767 77
18768 96
18769 85
18770 60
18771 74
18772 81
18773 63
18774 70
18775 64
18776 85
18777 70
18778 71
18779 58
18780 92
18781 72
18782 78
18783 83
18784 91
18785 70
18786 70
18787 67
18788 49
18789 81
18790 68
18791 67
18792 68
18793 50
18794 72
18795 45
18796 71
18797 69
18798 80
18799 73
18800 92
18801 80
18802 61
18803 76
18804 66
18805 71
18806 84
18807 66
18808 65
18809 58
18810 74
18811 68
18812 68
18813 64
18814 62
18815 53
18816 85
18817 71
18818 67
18819 75
18820 59
18821 71
18822 71
18823 70
18824 60
18825 76
18826 61
18827 70
18828 73
18829 62
18830 63
18831 79
18832 65
18833 66
18834 62
18835 80
18836 60
18837 80
18838 78
18839 85
18840 77
18841 57
18842 82
18843 89
18844 88
18845 75
18846 56
18847 70
18848 68
18849 72
18850 73
18851 65
18852 81
18853 63
18854 59
18855 65
18856 62
18857 59
18858 82
18859 84
18860 61
18861 65
18862 70
18863 72
18864 87
18865 99
18866 87
18867 64
18868 78
18869 94
18870 54
18871 74
18872 70
18873 62
18874 75
18875 64
18876 70
18877 58
18878 79
18879 52
18880 84
18881 79
18882 71
18883 86
18884 59
18885 57
18886 58
18887 70
18888 72
18889 90
18890 55
18891 80
18892 58
18893 82
18894 88
18895 73
18896 77
18897 74
18898 67
18899 66
18900 74
18901 68
18902 66
18903 73
18904 68
18905 58
18906 89
18907 89
18908 67
18909 79
18910 75
18911 77
18912 47
18913 81
18914 86
18915 58
18916 59
18917 57
18918 64
18919 49
18920 72
18921 67
18922 83
18923 75
18924 84
18925 80
18926 63
18927 65
18928 68
18929 57
18930 82
18931 65
18932 58
18933 64
18934 72
18935 66
18936 63
18937 57
18938 72
18939 61
18940 69
18941 79
18942 61
18943 59
18944 46
18945 70
18946 40
18947 65
18948 61
18949 42
18950 60
18951 53
18952 43
18953 52
18954 40
18955 43
18956 66
18957 63
18958 51
18959 50
18960 71
18961 53
18962 49
18963 65
18964 67
18965 62
18966 59
18967 71
18968 44
18969 58
18970 50
18971 60
18972 66
18973 73
18974 73
18975 76
18976 46
18977 25
18978 44
18979 49
18980 61
18981 70
18982 67
18983 51
18984 47
18985 68
18986 54
18987 63
18988 46
18989 65
18990 62
18991 69
18992 51
18993 58
18994 54
18995 78
18996 61
18997 78
18998 66
18999 78
19000 71
19001 72
19002 69
19003 61
19004 84
19005 73
19006 66
19007 65
19008 54
19009 55
19010 54
19011 63
19012 71
19013 60
19014 68
19015 68
19016 74
19017 70
19018 57
19019 68
19020 69
19021 54
19022 81
19023 58
19024 77
19025 50
19026 74
19027 60
19028 67
19029 70
19030 72
19031 67
19032 78
19033 69
19034 78
19035 81
19036 77
19037 66
19038 80
19039 83
19040 55
19041 74
19042 61
19043 65
19044 45
19045 72
19046 70
19047 89
19048 63
19049 59
19050 64
19051 66
19052 87
19053 65
19054 80
19055 61
19056 87
19057 84
19058 81
19059 79
19060 71
19061 68
19062 67
19063 65
19064 58
19065 44
19066 64
19067 73
19068 81
19069 65
19070 79
19071 68
19072 67
19073 45
19074 52
19075 46
19076 67
19077 59
19078 73
19079 66
19080 86
19081 52
19082 67
19083 51
19084 67
19085 63
19086 79
19087 83
19088 80
19089 94
19090 68
19091 65
19092 82
19093 82
19094 64
19095 74
19096 65
19097 75
19098 47
19099 72
19100 77
19101 74
19102 73
19103 75
19104 73
19105 58
19106 61
19107 71
19108 57
19109 57
19110 72
19111 47
19112 80
19113 52
19114 69
19115 56
19116 68
19117 53
19118 72
19119 65
19120 82
19121 65
19122 65
19123 48
19124 50
19125 94
19126 63
19127 80
19128 72
19129 64
19130 80
19131 60
19132 73
19133 60
19134 58
19135 78
19136 86
19137 57
19138 62
19139 56
19140 55
19141 57
19142 66
19143 81
19144 87
19145 77
19146 66
19147 80
19148 60
19149 66
19150 77
19151 61
19152 65
19153 81
19154 71
19155 59
19156 82
19157 67
19158 57
19159 64
19160 70
19161 66
19162 51
19163 56
19164 48
19165 69
19166 66
19167 71
19168 70
19169 69
19170 70
19171 70
19172 64
19173 51
19174 67
19175 77
19176 66
19177 74
19178 57
19179 74
19180 79
19181 63
19182 71
19183 66
19184 61
19185 75
19186 69
19187 71
19188 75
19189 70
19190 53
19191 54
19192 79
19193 49
19194 59
19195 57
19196 64
19197 75
19198 42
19199 53
19200 73
19201 73
19202 61
19203 78
19204 49
19205 56
19206 81
19207 67
19208 51
19209 57
19210 87
19211 55
19212 74
19213 78
19214 54
19215 72
19216 69
19217 67
19218 59
19219 65
19220 62
19221 77
19222 76
19223 63
19224 78
19225 67
19226 57
19227 62
19228 72
19229 70
19230 78
19231 65
19232 61
19233 78
19234 86
19235 71
19236 67
19237 63
19238 59
19239 73
19240 55
19241 75
19242 64
19243 63
19244 60
19245 59
19246 80
19247 60
19248 65
19249 58
19250 44
19251 74
19252 61
19253 78
19254 84
19255 47
19256 58
19257 55
19258 83
19259 62
19260 65
19261 65
19262 63
19263 66
19264 86
19265 60
19266 82
19267 76
19268 68
19269 68
19270 88
19271 79
19272 74
19273 75
19274 51
19275 58
19276 70
19277 68
19278 78
19279 58
19280 79
19281 73
19282 60
19283 89
19284 64
19285 75
19286 74
19287 66
19288 66
19289 78
19290 67
19291 78
19292 65
19293 57
19294 67
19295 46
19296 63
19297 61
19298 63
19299 67
19300 62
19301 41
19302 46
19303 72
19304 71
19305 64
19306 50
19307 60
19308 64
19309 71
19310 43
19311 71
19312 68
19313 81
19314 51
19315 75
19316 60
19317 55
19318 52
19319 56
19320 52
19321 59
19322 50
19323 51
19324 66
19325 41
19326 55
19327 73
19328 75
19329 75
19330 64
19331 50
19332 83
19333 51
19334 60
19335 76
19336 70
19337 56
19338 60
19339 66
19340 50
19341 46
19342 46
19343 28
19344 65
19345 58
19346 56
19347 54
19348 63
19349 45
19350 79
19351 44
19352 60
19353 56
19354 34
19355 26
19356 66
19357 69
19358 52
19359 63
19360 54
19361 56
19362 46
19363 72
19364 38
19365 44
19366 42
19367 75
19368 46
19369 53
19370 42
19371 42
19372 46
19373 70
19374 56
19375 48
19376 41
19377 39
19378 65
19379 49
19380 52
19381 57
19382 40
19383 38
19384 48
19385 54
19386 43
19387 37
19388 37
19389 15
19390 17
19392 61
19393 52
19394 35
19395 55
19396 50
19397 48
19398 42
19399 51
19400 41
19401 64
19402 62
19403 57
19404 65
19405 76
19406 53
19407 49
19408 37
19409 43
19410 45
19411 52
19412 50
19413 71
19414 45
19415 49
19416 54
19417 64
19418 36
19419 49
19420 25
19421 40
19422 38
19423 28
19424 39
19425 66
19426 53
19427 45
19428 50
19429 41
19430 58
19431 45
19432 12
19433 29
19435 3
19436 38
19437 27
19438 19
19439 12
19440 15
19441 22
19442 11
19443 12
19444 28
19445 19
19446 34
19447 31
19448 13
19449 11
19450 9
19451 28
19452 41
19453 53
19454 30
19455 60
19456 68
19457 71
19458 68
19459 75
19460 65
19461 79
19462 72
19463 79
19464 70
19465 61
19466 88
19467 73
19468 72
19469 69
19470 68
19471 69
19472 78
19473 56
19474 60
19475 82
19476 93
19477 70
19478 89
19479 93
19480 66
19481 72
19482 63
19483 71
19484 82
19485 68
19486 60
19487 81
19488 66
19489 71
19490 76
19491 59
19492 80
19493 65
19494 68
19495 59
19496 68
19497 61
19498 78
19499 58
19500 48
19501 57
19502 45
19503 64
19504 68
19505 81
19506 67
19507 67
19508 58
19509 64
19510 72
19511 67
19512 62
19513 68
19514 58
19515 91
19516 74
19517 82
19518 81
19519 88
19520 56
19521 71
19522 75
19523 58
19524 77
19525 59
19526 78
19527 60
19528 65
19529 86
19530 63
19531 72
19532 75
19533 59
19534 73
19535 64
19536 57
19537 81
19538 77
19539 74
19540 79
19541 72
19542 58
19543 55
19544 82
19545 62
19546 61
19547 65
19548 72
19549 47
19550 65
19551 69
19552 46
19553 73
19554 78
19555 66
19556 61
19557 65
19558 61
19559 73
19560 66
19561 64
19562 63
19563 80
19564 67
19565 70
19566 63
19567 63
19568 57
19569 75
19570 52
19571 58
19572 67
19573 80
19574 78
19575 62
19576 67
19577 60
19578 66
19579 84
19580 67
19581 78
19582 66
19583 68
19584 49
19585 76
19586 54
19587 44
19588 51
19589 60
19590 60
19591 76
19592 68
19593 62
19594 61
19595 60
19596 85
19597 80
19598 56
19599 73
19600 69
19601 82
19602 77
19603 71
19604 55
19605 74
19606 64
19607 73
19608 75
19609 51
19610 64
19611 55
19612 65
19613 72
19614 76
19615 59
19616 69
19617 80
19618 47
19619 75
19620 71
19621 33
19622 70
19623 75
19624 70
19625 69
19626 72
19627 60
19628 68
19629 65
19630 71
19631 56
19632 70
19633 78
19634 61
19635 76
19636 72
19637 64
19638 65
19639 80
19640 80
19641 74
19642 68
19643 64
19644 53
19645 81
19646 77
19647 70
19648 74
19649 80
19650 83
19651 63
19652 73
19653 68
19654 69
19655 87
19656 79
19657 55
19658 82
19659 63
19660 78
19661 55
19662 70
19663 61
19664 73
19665 51
19666 77
19667 68
19668 50
19669 81
19670 54
19671 60
19672 58
19673 81
19674 75
19675 69
19676 59
19677 60
19678 72
19679 66
19680 69
19681 86
19682 68
19683 67
19684 67
19685 65
19686 67
19687 35
19688 72
19689 65
19690 83
19691 44
19692 58
19693 56
19694 45
19695 73
19696 57
19697 86
19698 42
19699 64
19700 64
19701 59
19702 63
19703 68
19704 46
19705 51
19706 59
19707 73
19708 53
19709 62
19710 47
19711 70
19712 66
19713 63
19714 71
19715 70
19716 66
19717 83
19718 86
19719 66
19720 84
19721 66
19722 64
19723 68
19724 66
19725 73
19726 61
19727 58
19728 71
19729 78
19730 67
19731 75
19732 77
19733 69
19734 75
19735 66
19736 65
19737 49
19738 62
19739 71
19740 71
19741 73
19742 91
19743 66
19744 73
19745 73
19746 62
19747 50
19748 76
19749 73
19750 72
19751 59
19752 49
19753 60
19754 68
19755 66
19756 74
19757 80
19758 57
19759 48
19760 78
19761 76
19762 69
19763 68
19764 71
19765 62
19766 60
19767 74
19768 75
19769 68
19770 64
19771 61
19772 77
19773 47
19774 81
19775 51
19776 64
19777 74
19778 61
19779 48
19780 66
19781 59
19782 81
19783 71
19784 60
19785 65
19786 82
19787 71
19788 71
19789 58
19790 69
19791 49
19792 53
19793 94
19794 75
19795 59
19796 65
19797 57
19798 66
19799 73
19800 65
19801 68
19802 52
19803 60
19804 74
19805 53
19806 58
19807 53
19808 65
19809 48
19810 47
19811 46
19812 71
19813 70
19814 52
19815 64
19816 26
19817 44
19818 52
19819 63
19820 70
19821 63
19822 75
19823 57
19824 43
19825 54
19826 66
19827 55
19828 65
19829 72
19830 56
19831 63
19832 67
19833 65
19834 64
19835 58
19836 67
19837 53
19838 49
19839 34
19840 62
19841 73
19842 73
19843 64
19844 40
19845 67
19846 58
19847 49
19848 36
19849 47
19850 39
19851 56
19852 46
19853 66
19854 44
19855 47
19856 50
19857 64
19858 44
19859 65
19860 61
19861 50
19862 56
19863 54
19864 51
19865 56
19866 45
19867 49
19868 25
19869 23
19870 58
19871 35
19872 43
19873 53
19874 57
19875 48
19876 57
19877 68
19878 54
19879 59
19880 60
19881 57
19882 67
19883 55
19884 51
19885 60
19886 43
19887 56
19888 56
19889 58
19890 57
19891 47
19892 48
19893 64
19894 50
19895 62
19896 70
19897 65
19898 62
19899 48
19900 42
19901 36
19902 48
19903 71
19904 50
19905 52
19906 52
19907 32
19908 63
19909 69
19910 45
19911 81
19912 27
19913 40
19914 51
19915 52
19916 56
19917 55
19918 67
19919 68
19920 61
19921 59
19922 73
19923 38
19924 54
19925 52
19926 40
19927 62
19928 50
19929 43
19930 70
19931 50
19932 43
19933 68
19934 50
19935 78
19936 68
19937 61
19938 52
19939 62
19940 65
19941 64
19942 63
19943 56
19944 52
19945 67
19946 56
19947 69
19948 38
19949 26
19950 53
19951 29
19952 63
19953 43
19954 58
19955 45
19956 23
19957 57
19958 55
19959 41
19960 18
19961 41
19962 20
19963 37
19964 34
19965 56
19966 39
19967 38
19968 55
19969 60
19970 60
19971 70
19972 63
19973 59
19974 73
19975 73
19976 62
19977 62
19978 52
19979 42
19980 57
19981 55
19982 63
19983 51
19984 72
19985 72
19986 64
19987 56
19988 76
19989 65
19990 74
19991 49
19992 80
19993 65
19994 29
19995 60
19996 68
19997 56
19998 41
19999 45
20000 46
20001 64
20002 62
20003 68
20004 72
20005 54
20006 63
20007 37
20008 59
20009 60
20010 59
20011 54
20012 62
20013 52
20014 39
20015 46
20016 50
20017 52
20018 64
20019 64
20020 54
20021 30
20022 53
20023 44
20024 65
20025 61
20026 45
20027 30
20028 72
20029 32
20030 61
20031 43
20032 64
20033 52
20034 48
20035 49
20036 27
20037 70
20038 69
20039 57
20040 58
20041 56
20042 53
20043 70
20044 58
20045 50
20046 59
20047 39
20048 71
20049 42
20050 66
20051 82
20052 43
20053 55
20054 55
20055 49
20056 45
20057 58
20058 54
20059 61
20060 46
20061 48
20062 42
20063 43
20064 40
20065 27
20066 39
20067 62
20068 54
20069 68
20070 69
20071 72
20072 33
20073 36
20074 54
20075 53
20076 48
20077 59
20078 51
20079 56
20080 51
20081 53
20082 35
20083 54
20084 53
20085 24
20086 43
20087 38
20088 40
20089 42
20090 48
20091 17
20092 34
20093 26
20094 40
20095 11
20096 67
20097 60
20098 64
20099 53
20100 54
20101 43
20102 40
20103 34
20104 53
20105 60
20106 35
20107 28
20108 40
20109 38
20110 32
20111 39
20112 47
20113 50
20114 50
20115 30
20116 48
20117 49
20118 45
20119 57
20120 39
20121 30
20122 61
20123 66
20124 58
20125 46
20126 47
20127 45
20128 30
20129 37
20130 26
20131 17
20132 19
20133 37
20134 17
20135 24
20136 33
20137 38
20138 38
20139 32
20140 38
20141 47
20142 31
20143 51
20144 58
20145 50
20146 63
20147 67
20148 58
20149 50
20150 43
20151 63
20152 44
20153 50
20154 68
20155 41
20156 58
20157 33
20158 45
20159 35
20160 40
20161 40
20162 60
20163 49
20164 41
20165 32
20166 18
20167 23
20168 54
20169 42
20170 76
20171 64
20172 17
20173 28
20174 35
20175 30
20176 37
20177 33
20178 27
20179 36
20180 1
20182 5
20183 29
20184 29
20185 6
20186 27
20187 5
20188 42
20189 66
20190 58
20191 45
20192 65
20193 33
20194 58
20195 33
20196 53
20197 29
20198 28
20199 26
20200 16
20201 18
20202 3
20203 32
20204 3
20206 28
20207 20
20208 39
20209 1
20210 12
20211 16
20212 37
20213 53
20214 57
20215 60
20216 5
20217 44
20218 5
20219 46
20220 47
20221 52
20222 62
20223 52
20224 53
20225 37
20226 62
20227 47
20228 42
20229 67
20230 60
20231 66
20232 51
20233 57
20234 61
20235 67
20236 62
20237 44
20238 57
20239 56
20240 66
20241 61
20242 78
20243 55
20244 69
20245 71
20246 53
20247 63
20248 55
20249 56
20250 61
20251 54
20252 51
20253 27
20254 61
20255 48
20256 48
20257 57
20258 25
20259 45
20260 48
20261 56
20262 49
20263 63
20264 24
20265 72
20266 45
20267 59
20268 78
20269 39
20270 67
20271 51
20272 56
20273 50
20274 61
20275 50
20276 43
20277 33
20278 76
20279 35
20280 67
20281 47
20282 49
20283 56
20284 56
20285 41
20286 43
20287 54
20288 55
20289 44
20290 73
20291 44
20292 45
20293 34
20294 54
20295 51
20296 53
20297 58
20298 39
20299 44
20300 41
20301 37
20302 26
20303 16
20304 45
20305 49
20306 59
20307 56
20308 54
20309 49
20310 52
20311 65
20312 39
20313 60
20314 37
20315 48
20316 56
20317 57
20318 63
20319 65
20320 22
20321 32
20322 41
20323 39
20324 46
20325 25
20326 63
20327 70
20328 23
20329 44
20330 40
20331 58
20332 73
20333 65
20334 45
20335 45
20336 38
20337 80
20338 48
20339 48
20340 68
20341 42
20342 50
20343 20
20344 46
20345 37
20346 14
20347 19
20348 20
20349 1
20352 38
20353 61
20354 50
20355 54
20356 44
20357 53
20358 43
20359 47
20360 81
20361 46
20362 73
20363 70
20364 35
20365 50
20366 54
20367 59
20368 63
20369 58
20370 48
20371 45
20372 48
20373 48
20374 62
20375 68
20376 55
20377 56
20378 70
20379 67
20380 65
20381 70
20382 51
20383 48
20384 58
20385 57
20386 56
20387 79
20388 64
20389 60
20390 58
20391 55
20392 51
20393 62
20394 61
20395 51
20396 43
20397 41
20398 51
20399 49
20400 61
20401 60
20402 51
20403 47
20404 58
20405 40
20406 29
20407 8
20408 47
20409 16
20410 22
20416 51
20417 75
20418 62
20419 50
20420 46
20421 13
20422 36
20424 58
20425 49
20426 52
20427 5
20428 9
20448 15
21777 19
21780 51
21781 43
21782 7
21783 56
21789 33
21790 1
21791 37
21813 33
21815 19
21821 17
21824 72
21825 51
21826 51
21827 68
21828 70
21829 76
21830 95
21831 76
21832 62
21833 57
21834 59
21835 62
21836 74
21837 82
21838 63
21839 63
21840 75
21841 72
21842 73
21843 90
21844 50
21845 67
21846 64
21847 77
21848 57
21849 63
21850 70
21851 67
21852 79
21853 66
21854 59
21855 69
21856 56
21857 59
21858 59
21859 82
21860 54
21861 58
21862 63
21863 60
21864 39
21865 49
21866 23
21867 55
21868 54
21869 82
21870 63
21871 59
21872 62
21873 64
21874 65
21875 67
21876 62
21877 65
21878 84
21879 71
21880 66
21881 67
21882 56
21883 54
21884 66
21885 69
21886 62
21887 61
21952 14
21953 46
21954 26
21955 35
21956 59
21957 65
21958 37
21959 56
21960 3
21961 33
21963 1
21964 31
21965 69
21966 28
21967 73
21968 87
21969 78
21970 52
21971 59
21972 92
21973 55
21974 62
21975 61
21976 64
21977 71
21978 69
21979 68
21980 75
21981 67
21982 66
21983 86
21985 1
21988 37
21989 69
21990 17
21991 46
21997 38
21998 3
21999 39
22000 66
22001 67
22002 72
22003 70
22004 55
22005 92
22006 78
22007 77
22008 46
22009 69
22010 38
22011 49
22012 74
22013 70
22014 75
22015 66
22341 37
22343 3
22352 63
22353 37
22354 41
22355 35
22356 74
22357 71
22358 54
22359 60
22360 19
22361 41
22363 35
22364 51
22365 57
22366 45
22367 59
22385 1
22387 3
22388 23
22389 60
22390 36
22391 60
22393 2
22396 45
22397 47
22398 15
22399 42
22485 3
22487 5
22493 4
22495 1
22530 43
22531 16
22536 64
22537 52
22538 61
22539 70
22540 49
22541 23
22542 74
22543 51
22554 39
22555 2
22559 1
22560 76
22561 77
22562 66
22563 72
22564 68
22565 73
22566 55
22567 61
22568 70
22569 68
22570 67
22571 78
22572 65
22573 73
22574 71
22575 79
22576 63
22577 38
22578 88
22579 68
22580 30
22581 50
22582 65
22583 57
22584 57
22585 72
22586 71
22587 66
22588 72
22589 58
22590 75
22591 79
22602 24
22603 43
22604 10
22605 41
22606 43
22607 58
22616 37
22617 21
22618 59
22619 42
22620 2
22622 26
22623 8
22624 52
22625 63
22626 61
22627 54
22628 55
22629 71
22630 60
22631 64
22632 63
22633 64
22634 68
22635 50
22636 55
22637 68
22638 66
22639 77
22640 56
22641 51
22642 67
22643 80
22644 69
22645 65
22646 57
22647 65
22648 65
22649 85
22650 55
22651 58
22652 105
22653 86
22654 59
22655 76
22656 72
22657 68
22658 77
22659 60
22660 82
22661 66
22662 72
22663 50
22664 71
22665 72
22666 64
22667 85
22668 83
22669 63
22670 73
22671 76
22672 64
22673 73
22674 66
22675 76
22676 65
22677 60
22678 61
22679 58
22680 53
22681 71
22682 65
22683 60
22684 78
22685 74
22686 71
22687 73
22688 60
22689 73
22690 52
22691 61
22692 74
22693 63
22694 62
22695 63
22696 87
22697 58
22698 58
22699 74
22700 66
22701 70
22702 68
22703 65
22704 43
22705 77
22706 69
22707 76
22708 58
22709 67
22710 57
22711 53
22712 69
22713 73
22714 68
22715 78
22716 64
22717 78
22718 74
22719 68
22720 92
22721 44
22722 73
22723 79
22724 52
22725 61
22726 74
22727 66
22728 61
22729 67
22730 79
22731 54
22732 75
22733 73
22734 86
22735 71
22736 48
22737 55
22738 64
22739 61
22740 80
22741 67
22742 82
22743 94
22744 69
22745 71
22746 81
22747 82
22748 64
22749 72
22750 62
22751 79
22752 65
22753 69
22754 82
22755 61
22756 66
22757 69
22758 73
22759 68
22760 61
22761 70
22762 60
22763 66
22764 72
22765 49
22766 62
22767 71
22768 62
22769 84
22770 70
22771 77
22772 51
22773 63
22774 80
22775 56
22776 62
22777 60
22778 68
22779 64
22780 79
22781 67
22782 66
22783 63
22816 4
22818 54
22819 21
22824 88
22825 49
22826 67
22827 61
22828 1
22830 18
22912 64
22913 55
22914 73
22915 62
22916 31
22918 21
22920 75
22921 65
22922 90
22923 85
22924 40
22925 2
22926 66
22927 11
22944 77
22945 75
22946 85
22947 66
22948 85
22949 30
22950 86
22951 64
22952 71
22953 70
22954 67
22955 71
22956 48
22957 46
22958 34
22959 18
22962 9
22968 17
22970 2
23040 82
23041 79
23042 60
23043 72
23044 66
23045 60
23046 67
23047 70
23048 49
23049 63
23050 43
23051 55
23052 64
23053 73
23054 61
23055 62
23056 66
23057 87
23058 71
23059 89
23060 72
23061 71
23062 61
23063 82
23064 67
23065 86
23066 89
23067 56
23068 60
23069 52
23070 71
23071 62
23072 77
23073 71
23074 67
23075 84
23076 62
23077 73
23078 55
23079 63
23080 76
23081 69
23082 66
23083 82
23084 66
23085 74
23086 72
23087 73
23088 67
23089 70
23090 68
23091 66
23092 62
23093 44
23094 62
23095 19
23096 78
23097 58
23098 69
23099 66
23100 64
23101 39
23102 50
23103 41
23104 71
23105 67
23106 73
23107 67
23108 67
23109 87
23110 62
23111 53
23112 67
23113 62
23114 37
23115 50
23116 67
23117 58
23118 44
23119 26
23120 69
23121 64
23122 57
23123 60
23124 57
23125 56
23126 56
23127 52
23128 39
23129 58
23130 5
23131 31
23132 51
23133 21
23134 16
23135 3
23136 24
23137 6
23140 8
23144 1
23146 8
23168 64
23169 86
23170 67
23171 75
23172 65
23173 74
23174 78
23175 73
23176 58
23177 64
23178 75
23179 73
23180 66
23181 60
23182 73
23183 67
23184 60
23185 53
23186 65
23187 59
23188 41
23189 32
23190 33
23191 11
23192 59
23193 62
23194 65
23195 57
23196 38
23197 4
23198 8
23200 62
23201 71
23202 69
23203 82
23204 85
23205 69
23206 69
23207 55
23208 61
23209 66
23210 76
23211 71
23212 74
23213 49
23214 59
23215 84
23216 55
23217 12
23218 59
23219 24
23224 59
23225 48
23226 67
23227 66
23228 8
23230 26
23232 7
23296 53
23297 55
23298 32
23299 13
23300 8
23304 3
25343 1
25430 11
25431 25
25433 4
25434 7
25435 47
25436 41
25437 44
25438 68
25439 69
25445 2
25447 19
25449 4
25451 12
25452 31
25453 40
25454 66
25455 56
25456 47
25457 43
25458 50
25459 63
25460 58
25461 66
25462 74
25463 64
25464 64
25465 53
25466 55
25467 56
25468 68
25469 52
25470 78
25471 76
25493 6
25494 15
25495 49
25497 2
25498 10
25499 70
25500 56
25501 73
25502 64
25503 67
25509 3
25511 31
25513 2
25514 18
25515 41
25516 18
25517 53
25518 53
25519 64
25520 43
25521 65
25522 72
25523 78
25524 41
25525 62
25526 77
25527 56
25528 56
25529 58
25530 54
25531 47
25532 63
25533 80
25534 86
25535 78
25536 37
25537 62
25538 57
25539 60
25540 65
25541 49
25542 51
25543 74
25544 75
25545 59
25546 76
25547 61
25548 78
25549 60
25550 69
25551 56
25552 72
25553 49
25554 52
25555 68
25556 67
25557 71
25558 65
25559 76
25560 57
25561 73
25562 72
25563 58
25564 68
25565 67
25566 73
25567 82
25568 61
25569 61
25570 67
25571 69
25572 73
25573 70
25574 79
25575 59
25576 71
25577 74
25578 106
25579 65
25580 71
25581 86
25582 80
25583 87
25584 68
25585 73
25586 49
25587 68
25588 58
25589 62
25590 59
25591 68
25592 80
25593 73
25594 72
25595 78
25596 70
25597 72
25598 73
25599 50
25663 17
25679 8
25687 12
25690 18
25691 6
25693 38
25694 33
25695 48
25700 10
25701 43
25702 18
25703 61
25704 21
25705 18
25706 41
25707 53
25708 25
25709 60
25710 63
25711 63
25712 61
25713 49
25714 63
25715 55
25716 53
25717 68
25718 51
25719 80
25720 61
25721 50
25722 64
25723 62
25724 55
25725 77
25726 76
25727 56
25747 6
25748 20
25749 51
25750 45
25751 73
25752 5
25753 34
25754 30
25755 52
25756 67
25757 63
25758 55
25759 81
25765 4
25766 13
25767 34
25771 13
25772 30
25773 56
25774 47
25775 79
25776 48
25777 78
25778 83
25779 69
25780 64
25781 74
25782 47
25783 67
25784 64
25785 63
25786 90
25787 60
25788 65
25789 59
25790 62
25791 52
25792 64
25793 84
25794 70
25795 75
25796 71
25797 60
25798 81
25799 68
25800 95
25801 59
25802 72
25803 77
25804 90
25805 61
25806 80
25807 54
25808 82
25809 73
25810 72
25811 74
25812 71
25813 70
25814 67
25815 82
25816 72
25817 65
25818 69
25819 67
25820 54
25821 84
25822 63
25823 91
25824 65
25825 72
25826 59
25827 78
25828 56
25829 65
25830 69
25831 64
25832 87
25833 77
25834 71
25835 56
25836 58
25837 85
25838 73
25839 70
25840 58
25841 60
25842 63
25843 59
25844 61
25845 69
25846 73
25847 53
25848 74
25849 71
25850 73
25851 61
25852 73
25853 74
25854 43
25855 57
25856 9
25857 49
25858 52
25859 72
25860 48
25861 43
25862 51
25863 71
25864 70
25865 68
25866 58
25867 68
25868 70
25869 52
25870 74
25871 56
25872 68
25873 77
25874 70
25875 77
25876 88
25877 68
25878 66
25879 74
25880 58
25881 62
25882 63
25883 62
25884 73
25885 61
25886 70
25887 76
25888 56
25889 68
25890 91
25891 50
25892 74
25893 60
25894 81
25895 64
25896 80
25897 73
25898 57
25899 68
25900 66
25901 63
25902 84
25903 71
25904 64
25905 66
25906 50
25907 66
25908 72
25909 71
25910 63
25911 73
25912 65
25913 68
25914 70
25915 65
25916 46
25917 63
25918 67
25919 56
25920 60
25921 64
25922 61
25923 82
25924 66
25925 67
25926 79
25927 73
25928 70
25929 66
25930 61
25931 64
25932 95
25933 58
25934 66
25935 53
25936 69
25937 80
25938 90
25939 65
25940 60
25941 85
25942 70
25943 68
25944 70
25945 98
25946 68
25947 52
25948 67
25949 67
25950 79
25951 52
25952 46
25953 84
25954 60
25955 71
25956 67
25957 88
25958 58
25959 71
25960 85
25961 70
25962 62
25963 87
25964 60
25965 66
25966 54
25967 71
25968 75
25969 72
25970 70
25971 80
25972 73
25973 70
25974 59
25975 78
25976 74
25977 68
25978 47
25979 78
25980 78
25981 66
25982 87
25983 89
25984 83
25985 80
25986 71
25987 75
25988 73
25989 65
25990 73
25991 64
25992 63
25993 73
25994 66
25995 45
25996 57
25997 65
25998 77
25999 67
26000 78
26001 57
26002 69
26003 75
26004 62
26005 75
26006 73
26007 58
26008 75
26009 66
26010 80
26011 56
26012 87
26013 62
26014 71
26015 76
26016 51
26017 63
26018 76
26019 79
26020 69
26021 62
26022 75
26023 74
26024 77
26025 71
26026 75
26027 70
26028 73
26029 79
26030 78
26031 59
26032 77
26033 73
26034 64
26035 76
26036 66
26037 58
26038 66
26039 62
26040 59
26041 67
26042 50
26043 75
26044 85
26045 75
26046 72
26047 70
26048 50
26049 78
26050 70
26051 55
26052 73
26053 77
26054 53
26055 75
26056 83
26057 64
26058 50
26059 54
26060 68
26061 61
26062 59
26063 83
26064 75
26065 73
26066 49
26067 66
26068 78
26069 67
26070 76
26071 56
26072 74
26073 73
26074 76
26075 78
26076 74
26077 88
26078 57
26079 60
26080 62
26081 59
26082 78
26083 75
26084 62
26085 59
26086 74
26087 77
26088 70
26089 71
26090 82
26091 77
26092 64
26093 82
26094 73
26095 65
26096 97
26097 90
26098 74
26099 69
26100 65
26101 67
26102 60
26103 75
26104 78
26105 67
26106 67
26107 72
26108 60
26109 75
26110 82
26111 73
26112 15
26113 73
26114 54
26115 92
26116 56
26117 102
26118 78
26119 58
26120 61
26121 72
26122 62
26123 71
26124 68
26125 78
26126 70
26127 75
26128 88
26129 71
26130 64
26131 78
26132 69
26133 81
26134 59
26135 55
26136 79
26137 65
26138 71
26139 59
26140 65
26141 79
26142 84
26143 60
26144 64
26145 61
26146 69
26147 62
26148 78
26149 69
26150 58
26151 53
26152 69
26153 74
26154 75
26155 64
26156 86
26157 55
26158 79
26159 63
26160 82
26161 73
26162 70
26163 58
26164 83
26165 63
26166 59
26167 76
26168 53
26169 76
26170 54
26171 52
26172 73
26173 62
26174 58
26175 77
26176 68
26177 66
26178 74
26179 86
26180 51
26181 63
26182 79
26183 50
26184 73
26185 74
26186 64
26187 73
26188 71
26189 47
26190 60
26191 64
26192 78
26193 67
26194 67
26195 56
26196 74
26197 73
26198 89
26199 88
26200 63
26201 66
26202 69
26203 66
26204 70
26205 77
26206 90
26207 61
26208 71
26209 60
26210 67
26211 69
26212 76
26213 64
26214 81
26215 84
26216 74
26217 75
26218 55
26219 86
26220 71
26221 73
26222 44
26223 73
26224 68
26225 63
26226 100
26227 84
26228 78
26229 74
26230 77
26231 81
26232 79
26233 67
26234 67
26235 91
26236 70
26237 93
26238 62
26239 66
26240 62
26241 69
26242 68
26243 66
26244 63
26245 86
26246 59
26247 61
26248 74
26249 78
26250 68
26251 62
26252 84
26253 72
26254 75
26255 70
26256 73
26257 61
26258 75
26259 74
26260 74
26261 74
26262 77
26263 70
26264 82
26265 73
26266 57
26267 81
26268 69
26269 51
26270 61
26271 47
26272 55
26273 89
26274 74
26275 67
26276 60
26277 78
26278 77
26279 56
26280 71
26281 60
26282 58
26283 65
26284 62
26285 63
26286 64
26287 56
26288 81
26289 70
26290 70
26291 65
26292 60
26293 56
26294 76
26295 87
26296 64
26297 70
26298 61
26299 69
26300 63
26301 85
26302 62
26303 72
26304 72
26305 81
26306 57
26307 78
26308 74
26309 56
26310 68
26311 78
26312 55
26313 88
26314 70
26315 75
26316 73
26317 72
26318 77
26319 81
26320 63
26321 91
26322 70
26323 55
26324 65
26325 66
26326 60
26327 59
26328 60
26329 74
26330 59
26331 69
26332 61
26333 72
26334 79
26335 60
26336 47
26337 73
26338 74
26339 76
26340 72
26341 77
26342 55
26343 61
26344 77
26345 67
26346 80
26347 89
26348 56
26349 76
26350 93
26351 76
26352 72
26353 61
26354 58
26355 71
26356 44
26357 68
26358 79
26359 58
26360 67
26361 82
26362 72
26363 82
26364 54
26365 60
26366 72
26367 70
26368 76
26369 70
26370 53
26371 49
26372 69
26373 64
26374 66
26375 62
26376 65
26377 61
26378 64
26379 71
26380 68
26381 79
26382 72
26383 69
26384 73
26385 65
26386 65
26387 66
26388 80
26389 84
26390 55
26391 73
26392 65
26393 73
26394 61
26395 77
26396 83
26397 53
26398 71
26399 63
26400 78
26401 77
26402 76
26403 78
26404 66
26405 74
26406 73
26407 79
26408 85
26409 70
26410 79
26411 54
26412 59
26413 56
26414 72
26415 86
26416 58
26417 67
26418 58
26419 66
26420 80
26421 76
26422 70
26423 62
26424 75
26425 70
26426 54
26427 72
26428 67
26429 76
26430 76
26431 62
26432 50
26433 66
26434 57
26435 73
26436 58
26437 88
26438 71
26439 59
26440 64
26441 70
26442 67
26443 75
26444 59
26445 77
26446 86
26447 72
26448 56
26449 83
26450 82
26451 52
26452 63
26453 85
26454 62
26455 62
26456 83
26457 76
26458 76
26459 49
26460 63
26461 60
26462 60
26463 82
26464 80
26465 67
26466 65
26467 87
26468 70
26469 77
26470 70
26471 82
26472 59
26473 71
26474 77
26475 63
26476 71
26477 69
26478 68
26479 69
26480 70
26481 64
26482 66
26483 64
26484 74
26485 59
26486 78
26487 85
26488 82
26489 66
26490 69
26491 65
26492 72
26493 65
26494 61
26495 55
26496 75
26497 69
26498 69
26499 58
26500 58
26501 57
26502 59
26503 70
26504 81
26505 75
26506 67
26507 78
26508 68
26509 62
26510 59
26511 85
26512 64
26513 66
26514 69
26515 71
26516 77
26517 90
26518 72
26519 84
26520 61
26521 69
26522 60
26523 67
26524 70
26525 73
26526 59
26527 75
26528 66
26529 40
26530 67
26531 54
26532 75
26533 57
26534 66
26535 77
26536 53
26537 70
26538 84
26539 63
26540 60
26541 72
26542 75
26543 97
26544 69
26545 76
26546 71
26547 77
26548 80
26549 72
26550 84
26551 69
26552 58
26553 79
26554 73
26555 78
26556 68
26557 56
26558 88
26559 76
26560 77
26561 82
26562 60
26563 57
26564 73
26565 77
26566 65
26567 77
26568 81
26569 70
26570 64
26571 79
26572 65
26573 59
26574 80
26575 78
26576 84
26577 68
26578 83
26579 69
26580 60
26581 68
26582 75
26583 83
26584 73
26585 84
26586 74
26587 87
26588 89
26589 68
26590 81
26591 76
26592 52
26593 63
26594 96
26595 72
26596 72
26597 76
26598 78
26599 67
26600 80
26601 80
26602 64
26603 71
26604 74
26605 59
26606 73
26607 79
26608 76
26609 68
26610 78
26611 48
26612 71
26613 86
26614 57
26615 72
26616 66
26617 62
26618 73
26619 59
26620 57
26621 57
26622 65
26623 48
26687 1
26709 36
26710 21
26711 45
26713 19
26714 7
26715 48
26716 67
26717 66
26718 45
26719 56
26723 18
26724 8
26725 54
26726 55
26727 65
26728 15
26729 63
26730 35
26731 64
26732 49
26733 52
26734 73
26735 75
26736 76
26737 70
26738 73
26739 80
26740 52
26741 62
26742 77
26743 77
26744 54
26745 63
26746 72
26747 77
26748 70
26749 56
26750 74
26751 51
26773 9
26775 21
26779 9
26780 4
26781 50
26782 39
26783 57
26791 9
26796 14
26797 47
26798 31
26799 61
26800 16
26801 41
26802 44
26803 48
26804 49
26805 85
26806 56
26807 56
26808 44
26809 66
26810 70
26811 70
26812 66
26813 68
26814 61
26815 55
26816 40
26817 63
26818 49
26819 50
26820 77
26821 78
26822 49
26823 97
26824 68
26825 50
26826 81
26827 89
26828 81
26829 70
26830 73
26831 78
26832 75
26833 66
26834 74
26835 78
26836 74
26837 40
26838 70
26839 56
26840 71
26841 71
26842 68
26843 64
26844 84
26845 69
26846 67
26847 55
26848 62
26849 74
26850 74
26851 75
26852 68
26853 69
26854 56
26855 65
26856 69
26857 69
26858 85
26859 75
26860 62
26861 57
26862 57
26863 87
26864 53
26865 70
26866 58
26867 63
26868 79
26869 77
26870 50
26871 61
26872 74
26873 57
26874 76
26875 68
26876 76
26877 81
26878 76
26879 62
26880 47
26881 42
26882 46
26883 82
26884 78
26885 84
26886 67
26887 82
26888 74
26889 69
26890 67
26891 77
26892 70
26893 60
26894 83
26895 65
26896 66
26897 83
26898 67
26899 71
26900 77
26901 78
26902 57
26903 77
26904 75
26905 68
26906 71
26907 75
26908 70
26909 54
26910 72
26911 87
26912 89
26913 76
26914 72
26915 69
26916 72
26917 72
26918 71
26919 65
26920 57
26921 100
26922 82
26923 85
26924 69
26925 65
26926 79
26927 51
26928 82
26929 89
26930 78
26931 78
26932 70
26933 71
26934 73
26935 77
26936 73
26937 76
26938 65
26939 72
26940 69
26941 76
26942 68
26943 81
26944 84
26945 54
26946 53
26947 67
26948 59
26949 73
26950 58
26951 73
26952 63
26953 61
26954 72
26955 78
26956 66
26957 61
26958 72
26959 56
26960 71
26961 68
26962 67
26963 69
26964 41
26965 64
26966 63
26967 55
26968 60
26969 76
26970 61
26971 80
26972 68
26973 51
26974 55
26975 81
26976 72
26977 51
26978 62
26979 68
26980 64
26981 65
26982 64
26983 59
26984 75
26985 72
26986 54
26987 58
26988 80
26989 75
26990 64
26991 91
26992 74
26993 72
26994 52
26995 64
26996 53
26997 78
26998 55
26999 66
27000 58
27001 78
27002 65
27003 48
27004 62
27005 89
27006 69
27007 63
27008 50
27009 79
27010 69
27011 57
27012 51
27013 73
27014 69
27015 56
27016 65
27017 65
27018 67
27019 54
27020 62
27021 67
27022 72
27023 77
27024 63
27025 76
27026 59
27027 50
27028 73
27029 61
27030 54
27031 59
27032 58
27033 48
27034 52
27035 93
27036 55
27037 63
27038 76
27039 71
27040 64
27041 73
27042 78
27043 66
27044 59
27045 74
27046 52
27047 59
27048 55
27049 72
27050 60
27051 54
27052 63
27053 73
27054 77
27055 61
27056 87
27057 82
27058 79
27059 86
27060 59
27061 77
27062 79
27063 85
27064 89
27065 85
27066 66
27067 61
27068 84
27069 61
27070 74
27071 76
27072 53
27073 71
27074 86
27075 62
27076 75
27077 66
27078 69
27079 58
27080 57
27081 83
27082 73
27083 71
27084 72
27085 74
27086 72
27087 70
27088 64
27089 68
27090 66
27091 76
27092 73
27093 72
27094 69
27095 70
27096 64
27097 61
27098 68
27099 60
27100 67
27101 81
27102 64
27103 59
27104 78
27105 74
27106 68
27107 57
27108 70
27109 74
27110 57
27111 73
27112 72
27113 90
27114 75
27115 88
27116 49
27117 64
27118 55
27119 85
27120 74
27121 78
27122 57
27123 70
27124 62
27125 66
27126 89
27127 80
27128 80
27129 72
27130 75
27131 60
27132 69
27133 62
27134 70
27135 78
27136 5
27137 31
27138 23
27139 41
27140 52
27141 66
27142 47
27143 64
27144 57
27145 68
27146 66
27147 76
27148 75
27149 77
27150 67
27151 72
27152 80
27153 69
27154 70
27155 70
27156 77
27157 74
27158 60
27159 53
27160 63
27161 68
27162 83
27163 64
27164 64
27165 70
27166 81
27167 70
27168 62
27169 74
27170 78
27171 80
27172 71
27173 85
27174 65
27175 70
27176 74
27177 63
27178 69
27179 68
27180 77
27181 85
27182 85
27183 76
27184 80
27185 64
27186 67
27187 72
27188 74
27189 65
27190 69
27191 69
27192 57
27193 78
27194 76
27195 68
27196 81
27197 59
27198 73
27199 67
27200 80
27201 56
27202 62
27203 93
27204 78
27205 65
27206 64
27207 74
27208 73
27209 64
27210 62
27211 70
27212 70
27213 76
27214 89
27215 69
27216 74
27217 70
27218 75
27219 91
27220 75
27221 68
27222 86
27223 69
27224 58
27225 61
27226 66
27227 48
27228 68
27229 57
27230 59
27231 71
27232 51
27233 72
27234 69
27235 67
27236 82
27237 76
27238 57
27239 60
27240 55
27241 73
27242 74
27243 67
27244 72
27245 58
27246 66
27247 67
27248 63
27249 61
27250 53
27251 82
27252 52
27253 68
27254 78
27255 46
27256 56
27257 66
27258 57
27259 82
27260 86
27261 85
27262 75
27263 85
27264 77
27265 66
27266 71
27267 75
27268 73
27269 60
27270 71
27271 64
27272 74
27273 77
27274 63
27275 78
27276 74
27277 56
27278 67
27279 66
27280 76
27281 77
27282 73
27283 74
27284 70
27285 60
27286 66
27287 57
27288 68
27289 62
27290 79
27291 47
27292 60
27293 60
27294 78
27295 82
27296 79
27297 59
27298 69
27299 76
27300 62
27301 65
27302 68
27303 68
27304 54
27305 75
27306 59
27307 81
27308 82
27309 80
27310 61
27311 62
27312 67
27313 73
27314 73
27315 66
27316 65
27317 66
27318 66
27319 67
27320 73
27321 65
27322 63
27323 76
27324 71
27325 67
27326 61
27327 82
27328 66
27329 73
27330 70
27331 66
27332 72
27333 69
27334 69
27335 67
27336 63
27337 57
27338 76
27339 78
27340 54
27341 98
27342 81
27343 71
27344 87
27345 57
27346 70
27347 66
27348 60
27349 74
27350 54
27351 61
27352 84
27353 73
27354 84
27355 72
27356 71
27357 61
27358 67
27359 78
27360 85
27361 61
27362 75
27363 83
27364 70
27365 74
27366 64
27367 60
27368 66
27369 66
27370 79
27371 81
27372 66
27373 72
27374 65
27375 75
27376 76
27377 82
27378 58
27379 86
27380 63
27381 62
27382 71
27383 66
27384 60
27385 70
27386 86
27387 61
27388 66
27389 73
27390 68
27391 74
27392 60
27393 64
27394 70
27395 63
27396 74
27397 64
27398 82
27399 54
27400 89
27401 63
27402 58
27403 81
27404 61
27405 71
27406 87
27407 68
27408 78
27409 69
27410 62
27411 70
27412 67
27413 66
27414 60
27415 64
27416 63
27417 77
27418 57
27419 78
27420 77
27421 87
27422 58
27423 68
27424 75
27425 79
27426 68
27427 85
27428 76
27429 66
27430 81
27431 51
27432 82
27433 60
27434 70
27435 63
27436 65
27437 82
27438 63
27439 73
27440 75
27441 77
27442 58
27443 54
27444 60
27445 57
27446 77
27447 67
27448 88
27449 71
27450 84
27451 81
27452 61
27453 57
27454 58
27455 54
27456 59
27457 56
27458 60
27459 69
27460 75
27461 53
27462 72
27463 67
27464 85
27465 84
27466 69
27467 87
27468 84
27469 77
27470 66
27471 64
27472 70
27473 72
27474 53
27475 72
27476 63
27477 69
27478 80
27479 69
27480 52
27481 80
27482 71
27483 66
27484 61
27485 58
27486 83
27487 70
27488 69
27489 80
27490 56
27491 59
27492 56
27493 56
27494 70
27495 66
27496 58
27497 83
27498 56
27499 66
27500 77
27501 60
27502 86
27503 66
27504 58
27505 69
27506 70
27507 63
27508 71
27509 79
27510 76
27511 82
27512 68
27513 76
27514 68
27515 77
27516 81
27517 64
27518 56
27519 60
27520 87
27521 68
27522 82
27523 73
27524 88
27525 61
27526 65
27527 84
27528 73
27529 77
27530 84
27531 63
27532 56
27533 54
27534 69
27535 71
27536 79
27537 63
27538 77
27539 71
27540 60
27541 66
27542 67
27543 63
27544 71
27545 87
27546 67
27547 82
27548 76
27549 74
27550 79
27551 73
27552 77
27553 72
27554 70
27555 83
27556 60
27557 61
27558 71
27559 83
27560 63
27561 68
27562 56
27563 72
27564 74
27565 63
27566 60
27567 53
27568 78
27569 67
27570 88
27571 59
27572 67
27573 68
27574 46
27575 66
27576 85
27577 59
27578 69
27579 69
27580 62
27581 68
27582 54
27583 57
27584 59
27585 57
27586 56
27587 70
27588 64
27589 54
27590 53
27591 61
27592 71
27593 74
27594 76
27595 61
27596 63
27597 75
27598 76
27599 75
27600 71
27601 66
27602 80
27603 60
27604 73
27605 80
27606 70
27607 80
27608 76
27609 52
27610 64
27611 74
27612 69
27613 70
27614 64
27615 75
27616 58
27617 66
27618 70
27619 60
27620 72
27621 79
27622 76
27623 57
27624 78
27625 74
27626 58
27627 76
27628 68
27629 70
27630 83
27631 63
27632 85
27633 74
27634 67
27635 57
27636 67
27637 61
27638 81
27639 70
27640 65
27641 64
27642 60
27643 71
27644 78
27645 67
27646 63
27647 63
27648 63
27649 68
27650 53
27651 64
27652 83
27653 51
27654 62
27655 60
27656 67
27657 64
27658 56
27659 62
27660 61
27661 59
27662 59
27663 79
27664 70
27665 56
27666 50
27667 76
27668 67
27669 66
27670 64
27671 84
27672 73
27673 65
27674 68
27675 65
27676 55
27677 62
27678 67
27679 50
27680 66
27681 79
27682 81
27683 52
27684 59
27685 90
27686 68
27687 53
27688 74
27689 47
27690 76
27691 60
27692 67
27693 58
27694 77
27695 62
27696 76
27697 72
27698 65
27699 74
27700 78
27701 69
27702 85
27703 77
27704 76
27705 69
27706 67
27707 64
27708 67
27709 80
27710 68
27711 57
27712 67
27713 68
27714 60
27715 66
27716 68
27717 82
27718 72
27719 64
27720 83
27721 63
27722 61
27723 54
27724 85
27725 64
27726 79
27727 54
27728 64
27729 75
27730 72
27731 72
27732 82
27733 89
27734 57
27735 70
27736 61
27737 64
27738 81
27739 68
27740 79
27741 82
27742 75
27743 69
27744 80
27745 77
27746 80
27747 91
27748 61
27749 80
27750 77
27751 71
27752 70
27753 94
27754 73
27755 59
27756 76
27757 57
27758 76
27759 59
27760 61
27761 66
27762 48
27763 73
27764 63
27765 70
27766 76
27767 69
27768 69
27769 80
27770 74
27771 76
27772 78
27773 51
27774 64
27775 59
27776 76
27777 58
27778 76
27779 49
27780 55
27781 68
27782 63
27783 91
27784 83
27785 70
27786 81
27787 80
27788 64
27789 82
27790 66
27791 68
27792 84
27793 67
27794 58
27795 65
27796 73
27797 74
27798 74
27799 66
27800 99
27801 67
27802 52
27803 61
27804 76
27805 62
27806 76
27807 67
27808 67
27809 80
27810 64
27811 62
27812 49
27813 55
27814 56
27815 82
27816 76
27817 90
27818 72
27819 99
27820 85
27821 60
27822 68
27823 56
27824 77
27825 80
27826 87
27827 92
27828 66
27829 54
27830 72
27831 79
27832 73
27833 79
27834 69
27835 65
27836 100
27837 72
27838 65
27839 68
27840 83
27841 82
27842 74
27843 71
27844 73
27845 65
27846 67
27847 75
27848 66
27849 55
27850 68
27851 74
27852 71
27853 47
27854 101
27855 76
27856 70
27857 71
27858 72
27859 53
27860 55
27861 92
27862 74
27863 89
27864 61
27865 61
27866 77
27867 65
27868 82
27869 67
27870 73
27871 83
27872 75
27873 87
27874 77
27875 64
27876 77
27877 76
27878 75
27879 83
27880 79
27881 68
27882 74
27883 80
27884 80
27885 61
27886 78
27887 60
27888 77
27889 60
27890 76
27891 77
27892 61
27893 67
27894 66
27895 72
27896 77
27897 74
27898 64
27899 59
27900 79
27901 72
27902 71
27903 75
27904 68
27905 63
27906 57
27907 53
27908 71
27909 63
27910 56
27911 75
27912 59
27913 74
27914 52
27915 62
27916 54
27917 95
27918 78
27919 68
27920 74
27921 68
27922 59
27923 85
27924 84
27925 70
27926 65
27927 65
27928 57
27929 84
27930 53
27931 74
27932 59
27933 65
27934 49
27935 76
27936 59
27937 49
27938 71
27939 67
27940 63
27941 64
27942 53
27943 75
27944 67
27945 86
27946 67
27947 51
27948 65
27949 56
27950 68
27951 72
27952 67
27953 60
27954 69
27955 65
27956 69
27957 57
27958 77
27959 58
27960 80
27961 70
27962 63
27963 73
27964 56
27965 64
27966 55
27967 64
27968 59
27969 82
27970 76
27971 82
27972 79
27973 66
27974 53
27975 55
27976 71
27977 77
27978 102
27979 55
27980 81
27981 66
27982 68
27983 80
27984 61
27985 65
27986 77
27987 72
27988 63
27989 45
27990 35
27991 3
27992 47
27993 86
27994 58
27995 54
27996 49
27997 19
27998 37
27999 42
28000 60
28001 67
28002 67
28003 58
28004 60
28005 57
28006 63
28007 56
28008 66
28009 62
28010 64
28011 75
28012 64
28013 56
28014 60
28015 56
28016 42
28017 55
28018 57
28019 58
28020 36
28021 38
28022 57
28023 40
28024 54
28025 62
28026 39
28027 68
28028 68
28029 45
28030 71
28031 55
28032 74
28033 69
28034 73
28035 69
28036 48
28037 55
28038 61
28039 62
28040 81
28041 63
28042 90
28043 69
28044 55
28045 67
28046 46
28047 80
28048 61
28049 54
28050 55
28051 52
28052 71
28053 54
28054 58
28055 60
28056 54
28057 51
28058 60
28059 62
28060 61
28061 49
28062 58
28063 48
28064 79
28065 79
28066 54
28067 81
28068 82
28069 80
28070 72
28071 96
28072 75
28073 64
28074 80
28075 62
28076 78
28077 75
28078 54
28079 73
28080 75
28081 64
28082 72
28083 52
28084 55
28085 50
28086 70
28087 69
28088 64
28089 63
28090 82
28091 51
28092 54
28093 61
28094 53
28095 68
28096 49
28097 56
28098 58
28099 43
28100 31
28101 24
28102 9
28103 38
28104 69
28105 49
28106 68
28107 43
28108 35
28109 59
28110 46
28111 56
28112 48
28113 54
28114 59
28115 59
28116 33
28117 34
28118 14
28119 8
28120 66
28121 47
28122 65
28123 75
28124 60
28125 46
28126 62
28127 53
28128 50
28129 61
28130 66
28131 51
28132 62
28133 60
28134 70
28135 47
28136 52
28137 40
28138 60
28139 60
28140 55
28141 67
28142 51
28143 48
28144 49
28145 42
28146 51
28147 43
28148 52
28149 52
28150 41
28151 43
28152 72
28153 57
28154 47
28155 60
28156 78
28157 62
28158 68
28159 56
28160 85
28161 93
28162 54
28163 76
28164 74
28165 77
28166 67
28167 69
28168 87
28169 87
28170 70
28171 80
28172 67
28173 61
28174 64
28175 69
28176 72
28177 74
28178 51
28179 68
28180 73
28181 70
28182 58
28183 49
28184 56
28185 66
28186 79
28187 70
28188 83
28189 72
28190 92
28191 92
28192 61
28193 90
28194 82
28195 85
28196 61
28197 73
28198 79
28199 57
28200 72
28201 74
28202 76
28203 74
28204 67
28205 68
28206 85
28207 67
28208 74
28209 78
28210 66
28211 63
28212 73
28213 89
28214 61
28215 81
28216 67
28217 65
28218 48
28219 66
28220 70
28221 58
28222 92
28223 64
28224 58
28225 69
28226 68
28227 57
28228 57
28229 64
28230 62
28231 71
28232 77
28233 63
28234 89
28235 51
28236 62
28237 76
28238 59
28239 72
28240 76
28241 64
28242 59
28243 81
28244 91
28245 83
28246 62
28247 57
28248 62
28249 67
28250 68
28251 59
28252 65
28253 82
28254 75
28255 49
28256 68
28257 72
28258 67
28259 67
28260 65
28261 94
28262 59
28263 68
28264 72
28265 72
28266 63
28267 72
28268 62
28269 67
28270 69
28271 60
28272 76
28273 83
28274 86
28275 71
28276 66
28277 60
28278 59
28279 50
28280 69
28281 80
28282 56
28283 71
28284 71
28285 64
28286 37
28287 55
28288 56
28289 64
28290 63
28291 61
28292 71
28293 70
28294 66
28295 75
28296 76
28297 74
28298 60
28299 67
28300 64
28301 64
28302 70
28303 79
28304 75
28305 80
28306 66
28307 58
28308 56
28309 72
28310 64
28311 52
28312 80
28313 72
28314 70
28315 69
28316 68
28317 55
28318 79
28319 66
28320 76
28321 64
28322 67
28323 83
28324 76
28325 70
28326 70
28327 77
28328 78
28329 68
28330 56
28331 49
28332 75
28333 70
28334 68
28335 60
28336 62
28337 84
28338 59
28339 63
28340 57
28341 43
28342 77
28343 67
28344 83
28345 64
28346 68
28347 77
28348 72
28349 67
28350 80
28351 75
28352 63
28353 69
28354 71
28355 83
28356 64
28357 54
28358 52
28359 77
28360 59
28361 76
28362 63
28363 62
28364 59
28365 51
28366 69
28367 45
28368 60
28369 44
28370 78
28371 58
28372 53
28373 55
28374 70
28375 74
28376 70
28377 67
28378 57
28379 64
28380 65
28381 71
28382 58
28383 69
28384 55
28385 59
28386 72
28387 52
28388 66
28389 55
28390 65
28391 67
28392 69
28393 57
28394 66
28395 54
28396 69
28397 77
28398 82
28399 91
28400 47
28401 52
28402 55
28403 60
28404 64
28405 58
28406 66
28407 68
28408 48
28409 60
28410 59
28411 46
28412 60
28413 73
28414 66
28415 62
28416 81
28417 75
28418 62
28419 78
28420 67
28421 76
28422 57
28423 80
28424 69
28425 75
28426 67
28427 49
28428 64
28429 57
28430 66
28431 62
28432 66
28433 51
28434 66
28435 60
28436 53
28437 41
28438 65
28439 58
28440 48
28441 64
28442 80
28443 56
28444 65
28445 91
28446 57
28447 59
28448 52
28449 42
28450 55
28451 73
28452 65
28453 78
28454 76
28455 54
28456 57
28457 64
28458 66
28459 71
28460 70
28461 74
28462 63
28463 46
28464 61
28465 82
28466 48
28467 67
28468 65
28469 74
28470 52
28471 59
28472 49
28473 58
28474 45
28475 38
28476 32
28477 31
28478 41
28479 55
28480 73
28481 72
28482 60
28483 57
28484 61
28485 47
28486 52
28487 65
28488 61
28489 44
28490 64
28491 53
28492 59
28493 63
28494 41
28495 51
28496 36
28497 34
28498 67
28499 63
28500 57
28501 67
28502 66
28503 65
28504 49
28505 56
28506 53
28507 79
28508 62
28509 58
28510 65
28511 78
28512 82
28513 46
28514 51
28515 46
28516 6
28517 34
28518 5
28519 34
28520 15
28521 2
28522 25
28523 7
28524 12
28525 40
28526 57
28527 71
28528 70
28529 64
28530 49
28531 61
28532 87
28533 67
28534 71
28535 74
28536 62
28537 81
28538 70
28539 54
28540 59
28541 66
28542 63
28543 71
28544 64
28545 50
28546 68
28547 68
28548 45
28549 51
28550 55
28551 53
28552 73
28553 66
28554 60
28555 72
28556 69
28557 54
28558 62
28559 52
28560 39
28561 45
28562 37
28563 51
28564 70
28565 54
28566 73
28567 59
28568 50
28569 41
28570 38
28571 39
28572 25
28573 29
28574 27
28575 26
28576 68
28577 70
28578 39
28579 54
28580 59
28581 50
28582 64
28583 53
28584 48
28585 57
28586 69
28587 61
28588 57
28589 66
28590 53
28591 65
28592 52
28593 40
28594 54
28595 63
28596 27
28597 53
28598 31
28599 42
28600 55
28601 61
28602 65
28603 57
28604 21
28605 56
28606 60
28607 62
28608 31
28609 30
28610 47
28611 46
28612 64
28613 61
28614 40
28615 68
28616 22
28617 50
28618 45
28619 40
28620 51
28621 63
28622 68
28623 54
28624 70
28625 59
28626 68
28627 55
28628 74
28629 81
28630 47
28631 64
28632 62
28633 51
28634 59
28635 55
28636 46
28637 63
28638 30
28639 53
28640 60
28641 75
28642 54
28643 55
28644 62
28645 55
28646 49
28647 50
28648 50
28649 59
28650 55
28651 52
28652 45
28653 45
28654 28
28655 38
28656 65
28657 47
28658 64
28659 27
28660 21
28661 26
28662 12
28664 32
28665 15
28666 9
28667 21
28670 29
28671 34
29969 2
29972 49
29973 57
29974 16
29975 33
29981 11
30016 67
30017 68
30018 52
30019 45
30020 68
30021 68
30022 60
30023 54
30024 43
30025 47
30026 3
30027 29
30028 66
30029 63
30030 53
30031 67
30032 47
30033 69
30034 50
30035 53
30036 71
30037 61
30038 67
30039 79
30040 58
30041 64
30042 80
30043 59
30044 68
30045 61
30046 75
30047 75
30049 1
30052 22
30053 57
30055 9
30064 54
30065 56
30066 43
30067 50
30068 74
30069 55
30070 58
30071 58
30072 10
30073 47
30075 17
30076 54
30077 49
30078 30
30079 27
30164 2
30165 1
30967 4
30971 6
30972 22
30973 58
30974 30
30975 63
31119 3
31130 15
31131 16
31138 21
31139 10
31140 14
31141 41
31142 37
31143 51
31144 58
31145 35
31146 60
31147 60
31148 58
31149 55
31150 74
31151 59
31152 49
31153 51
31154 52
31155 77
31156 43
31157 19
31158 63
31159 53
31160 54
31161 65
31162 59
31163 51
31164 64
31165 64
31166 72
31167 54
31200 14
31201 13
31202 48
31203 46
31204 3
31205 7
31206 44
31207 23
31208 74
31209 63
31210 53
31211 56
31212 80
31213 47
31214 78
31215 58
31218 7
31222 1
31223 2
31224 47
31225 19
31226 59
31227 67
31228 39
31229 32
31230 49
31231 48
31285 15
31286 13
31287 35
31288 4
31289 21
31290 27
31291 60
31292 37
31293 52
31294 59
31295 67
31311 12
31312 1
31313 10
31314 25
31315 40
31316 60
31317 73
31318 52
31319 64
31320 26
31321 61
31322 19
31323 64
31324 74
31325 51
31326 74
31327 77
31328 33
31329 8
31330 64
31331 54
31332 9
31333 36
31334 31
31335 47
31336 69
31337 69
31338 67
31339 74
31340 57
31341 61
31342 74
31343 78
31344 45
31345 61
31346 75
31347 67
31348 55
31349 74
31350 60
31351 76
31352 66
31353 69
31354 78
31355 63
31356 59
31357 62
31358 79
31359 54
31362 2
31365 25
31366 26
31367 47
31368 37
31369 28
31370 67
31371 54
31372 48
31373 55
31374 46
31375 82
31376 45
31377 52
31378 66
31379 60
31380 52
31381 52
31382 71
31383 49
31384 59
31385 67
31386 68
31387 65
31388 68
31389 58
31390 69
31391 62
31392 63
31393 63
31394 76
31395 58
31396 72
31397 77
31398 70
31399 68
31400 67
31401 67
31402 59
31403 57
31404 60
31405 68
31406 48
31407 70
31408 75
31409 71
31410 71
31411 58
31412 54
31413 70
31414 51
31415 60
31416 57
31417 58
31418 61
31419 63
31420 86
31421 67
31422 57
31423 45
31424 61
31425 51
31426 65
31427 65
31428 63
31429 78
31430 68
31431 54
31432 79
31433 74
31434 80
31435 70
31436 67
31437 63
31438 65
31439 60
31440 67
31441 69
31442 56
31443 54
31444 54
31445 58
31446 79
31447 69
31448 52
31449 58
31450 54
31451 55
31452 62
31453 69
31454 77
31455 63
31456 78
31457 58
31458 49
31459 74
31460 60
31461 74
31462 72
31463 76
31464 66
31465 61
31466 61
31467 76
31468 72
31469 59
31470 72
31471 62
31472 52
31473 73
31474 63
31475 54
31476 58
31477 53
31478 56
31479 77
31480 60
31481 68
31482 67
31483 96
31484 70
31485 76
31486 71
31487 58
31488 59
31489 81
31490 58
31491 65
31492 58
31493 75
31494 73
31495 60
31496 66
31497 64
31498 62
31499 61
31500 66
31501 79
31502 59
31503 59
31504 63
31505 77
31506 61
31507 62
31508 67
31509 71
31510 81
31511 78
31512 73
31513 65
31514 80
31515 62
31516 62
31517 62
31518 67
31519 68
31520 49
31521 71
31522 72
31523 83
31524 78
31525 61
31526 57
31527 53
31528 62
31529 82
31530 58
31531 71
31532 70
31533 61
31534 53
31535 78
31536 58
31537 50
31538 66
31539 75
31540 69
31541 76
31542 65
31543 49
31544 72
31545 57
31546 70
31547 53
31548 62
31549 53
31550 48
31551 70
31552 63
31553 65
31554 86
31555 60
31556 64
31557 61
31558 71
31559 62
31560 61
31561 79
31562 58
31563 49
31564 75
31565 86
31566 73
31567 66
31568 60
31569 79
31570 73
31571 69
31572 63
31573 44
31574 78
31575 52
31576 67
31577 66
31578 66
31579 63
31580 68
31581 58
31582 57
31583 66
31584 59
31585 52
31586 54
31587 62
31588 72
31589 68
31590 58
31591 67
31592 56
31593 82
31594 71
31595 62
31596 70
31597 44
31598 65
31599 69
31600 63
31601 64
31602 71
31603 78
31604 77
31605 48
31606 66
31607 80
31608 66
31609 93
31610 64
31611 86
31612 84
31613 85
31614 61
31615 75
31616 47
31617 67
31618 71
31619 71
31620 53
31621 63
31622 67
31623 89
31624 62
31625 71
31626 69
31627 51
31628 73
31629 70
31630 77
31631 64
31632 57
31633 70
31634 66
31635 57
31636 61
31637 65
31638 68
31639 51
31640 59
31641 58
31642 73
31643 88
31644 61
31645 55
31646 67
31647 76
31648 66
31649 68
31650 62
31651 59
31652 59
31653 66
31654 71
31655 87
31656 78
31657 67
31658 74
31659 78
31660 52
31661 71
31662 65
31663 63
31664 74
31665 74
31666 69
31667 64
31668 74
31669 62
31670 73
31671 61
31672 57
31673 74
31674 84
31675 66
31676 83
31677 57
31678 70
31679 54
31680 70
31681 56
31682 64
31683 64
31684 65
31685 60
31686 56
31687 78
31688 75
31689 62
31690 58
31691 61
31692 66
31693 66
31694 70
31695 91
31696 65
31697 62
31698 84
31699 66
31700 74
31701 60
31702 62
31703 69
31704 82
31705 66
31706 71
31707 81
31708 70
31709 77
31710 53
31711 54
31712 62
31713 72
31714 87
31715 54
31716 63
31717 68
31718 71
31719 65
31720 56
31721 70
31722 67
31723 83
31724 72
31725 60
31726 79
31727 74
31728 76
31729 62
31730 53
31731 56
31732 52
31733 85
31734 65
31735 62
31736 63
31737 71
31738 56
31739 64
31740 76
31741 50
31742 76
31743 64
31906 26
31907 1
31910 2
31912 54
31913 61
31914 72
31915 52
31916 33
31917 11
31918 46
31919 46
31923 7
31926 18
31927 17
31928 1
31929 10
31930 39
31931 56
31932 37
31933 36
31934 50
31935 49
31970 3
31971 1
31976 46
31977 28
31978 43
31979 46
31982 31
31983 20
31994 20
31995 3
32256 64
32257 62
32258 84
32259 63
32260 77
32261 51
32262 57
32263 43
32264 62
32265 68
32266 72
32267 65
32268 53
32269 70
32270 65
32271 49
32272 46
32273 58
32274 54
32275 60
32276 58
32277 67
32278 56
32279 80
32280 57
32281 51
32282 64
32283 58
32284 45
32285 59
32286 68
32287 49
32288 63
32289 53
32290 74
32291 64
32292 53
32293 51
32294 61
32295 65
32296 60
32297 53
32298 59
32299 75
32300 67
32301 49
32302 74
32303 68
32304 49
32305 65
32306 62
32307 45
32308 63
32309 56
32310 68
32311 66
32312 73
32313 44
32314 50
32315 56
32316 52
32317 65
32318 72
32319 65
32320 55
32321 49
32322 65
32323 59
32324 54
32325 54
32326 40
32327 58
32328 61
32329 60
32330 70
32331 70
32332 70
32333 63
32334 62
32335 67
32336 47
32337 31
32338 51
32339 52
32340 5
32342 27
32343 20
32344 75
32345 53
32346 71
32347 78
32348 59
32349 61
32350 63
32351 71
32352 63
32353 80
32354 59
32355 63
32356 77
32357 91
32358 56
32359 66
32360 80
32361 61
32362 53
32363 66
32364 55
32365 78
32366 63
32367 83
32368 59
32369 52
32370 63
32371 63
32372 55
32373 95
32374 68
32375 59
32376 67
32377 63
32378 80
32379 55
32380 67
32381 60
32382 61
32383 70
32384 67
32385 69
32386 67
32387 70
32388 47
32389 52
32390 78
32391 62
32392 50
32393 56
32394 67
32395 63
32396 77
32397 81
32398 82
32399 56
32400 79
32401 75
32402 63
32403 74
32404 60
32405 64
32406 57
32407 69
32408 58
32409 62
32410 71
32411 81
32412 72
32413 65
32414 68
32415 45
32416 60
32417 72
32418 54
32419 72
32420 74
32421 62
32422 74
32423 58
32424 55
32425 56
32426 52
32427 75
32428 67
32429 63
32430 75
32431 78
32432 69
32433 69
32434 71
32435 59
32436 58
32437 68
32438 55
32439 59
32440 61
32441 74
32442 83
32443 69
32444 50
32445 54
32446 56
32447 55
32448 72
32449 71
32450 58
32451 63
32452 79
32453 67
32454 72
32455 61
32456 57
32457 72
32458 49
32459 45
32460 49
32461 79
32462 56
32463 73
32464 68
32465 76
32466 65
32467 46
32468 79
32469 53
32470 58
32471 69
32472 50
32473 77
32474 69
32475 60
32476 60
32477 71
32478 58
32479 57
32480 70
32481 70
32482 57
32483 53
32484 43
32485 62
32486 43
32487 45
32488 80
32489 77
32490 61
32491 67
32492 45
32493 60
32494 52
32495 70
32496 52
32497 70
32498 56
32499 57
32500 54
32501 40
32502 54
32503 57
32504 60
32505 64
32506 71
32507 61
32508 54
32509 43
32510 53
32511 59
32514 12
32520 36
32521 28
32522 80
32523 52
32525 2
32526 37
32527 25
32538 32
32539 3
32544 70
32545 48
32546 64
32547 82
32548 40
32549 42
32550 69
32551 74
32552 53
32553 60
32554 65
32555 56
32556 58
32557 55
32558 47
32559 65
32560 71
32561 42
32562 78
32563 54
32564 12
32566 34
32567 27
32568 73
32569 48
32570 68
32571 62
32572 56
32573 67
32574 53
32575 69
32608 5
32610 39
32611 52
32614 9
32616 52
32617 50
32618 57
32619 61
32620 39
32621 10
32622 59
32623 44
32632 2
32633 3
32634 54
32635 45
32636 4
32638 35
32639 8
32640 52
32641 61
32642 52
32643 58
32644 94
32645 65
32646 65
32647 68
32648 39
32649 55
32650 60
32651 78
32652 59
32653 80
32654 69
32655 71
32656 72
32657 49
32658 54
32659 68
32660 67
32661 55
32662 56
32663 50
32664 53
32665 69
32666 72
32667 73
32668 55
32669 69
32670 64
32671 69
32672 61
32673 81
32674 54
32675 51
32676 68
32677 76
32678 49
32679 79
32680 58
32681 35
32682 61
32683 67
32684 72
32685 50
32686 75
32687 59
32688 62
32689 55
32690 37
32691 78
32692 76
32693 71
32694 68
32695 64
32696 56
32697 61
32698 64
32699 63
32700 65
32701 82
32702 81
32703 74
32704 70
32705 64
32706 55
32707 73
32708 52
32709 56
32710 51
32711 78
32712 75
32713 70
32714 71
32715 61
32716 63
32717 82
32718 57
32719 61
32720 66
32721 65
32722 55
32723 58
32724 36
32725 31
32726 55
32727 53
32728 65
32729 43
32730 57
32731 56
32732 59
32733 53
32734 63
32735 57
32736 73
32737 48
32738 79
32739 50
32740 61
32741 70
32742 69
32743 52
32744 63
32745 65
32746 50
32747 75
32748 52
32749 68
32750 64
32751 57
32752 75
32753 58
32754 54
32755 53
32756 61
32757 57
32758 58
32759 59
32760 42
32761 66
32762 42
32763 55
32764 51
32765 60
32766 50
32767 42
36183 36
36186 8
36187 30
36188 14
36189 67
36190 53
36191 82
36197 2
36199 19
36201 6
36203 45
36204 47
36205 60
36206 81
36207 70
36208 59
36209 76
36210 70
36211 76
36212 59
36213 81
36214 74
36215 69
36216 71
36217 97
36218 79
36219 81
36220 79
36221 86
36222 62
36223 69
36245 6
36246 5
36247 40
36249 5
36250 9
36251 54
36252 39
36253 57
36254 69
36255 69
36261 2
36262 15
36263 39
36267 17
36268 15
36269 41
36270 62
36271 65
36272 46
36273 64
36274 58
36275 73
36276 55
36277 62
36278 53
36279 65
36280 62
36281 58
36282 54
36283 37
36284 57
36285 68
36286 51
36287 60
36288 45
36289 48
36290 60
36291 63
36292 78
36293 74
36294 77
36295 64
36296 78
36297 71
36298 80
36299 56
36300 52
36301 81
36302 67
36303 58
36304 74
36305 66
36306 55
36307 55
36308 80
36309 58
36310 73
36311 63
36312 80
36313 65
36314 62
36315 59
36316 62
36317 60
36318 69
36319 61
36320 77
36321 66
36322 66
36323 57
36324 45
36325 72
36326 85
36327 57
36328 83
36329 76
36330 68
36331 71
36332 72
36333 58
36334 81
36335 78
36336 72
36337 66
36338 83
36339 70
36340 68
36341 61
36342 64
36343 61
36344 79
36345 74
36346 73
36347 79
36348 72
36349 67
36350 81
36351 55
36439 3
36443 26
36444 1
36445 45
36446 32
36447 44
36458 1
36459 12
36462 16
36463 11
36465 36
36466 18
36467 61
36468 55
36469 48
36470 52
36471 67
36472 4
36473 46
36474 41
36475 28
36476 43
36477 57
36478 59
36479 56
36502 3
36503 21
36506 13
36507 33
36508 22
36509 38
36510 54
36511 57
36517 1
36519 9
36522 2
36523 4
36524 7
36525 40
36526 43
36527 57
36528 49
36529 46
36530 47
36531 55
36532 53
36533 56
36534 55
36535 62
36536 37
36537 41
36538 55
36539 45
36540 31
36541 59
36542 30
36543 54
36544 23
36545 65
36546 20
36547 71
36548 66
36549 77
36550 89
36551 78
36552 46
36553 74
36554 58
36555 57
36556 71
36557 90
36558 74
36559 91
36560 54
36561 53
36562 79
36563 93
36564 53
36565 87
36566 73
36567 64
36568 76
36569 53
36570 84
36571 79
36572 66
36573 67
36574 91
36575 87
36576 66
36577 60
36578 72
36579 57
36580 73
36581 69
36582 66
36583 79
36584 49
36585 85
36586 74
36587 78
36588 69
36589 80
36590 55
36591 88
36592 64
36593 79
36594 65
36595 81
36596 66
36597 58
36598 87
36599 65
36600 68
36601 81
36602 55
36603 69
36604 81
36605 72
36606 74
36607 67
36609 30
36610 23
36611 29
36612 39
36613 67
36614 51
36615 53
36616 66
36617 70
36618 34
36619 58
36620 52
36621 49
36622 68
36623 59
36624 48
36625 56
36626 66
36627 64
36628 57
36629 70
36630 60
36631 76
36632 49
36633 47
36634 77
36635 55
36636 66
36637 65
36638 61
36639 54
36640 53
36641 65
36642 49
36643 60
36644 72
36645 66
36646 68
36647 87
36648 62
36649 66
36650 82
36651 60
36652 72
36653 85
36654 74
36655 64
36656 53
36657 57
36658 63
36659 60
36660 67
36661 68
36662 75
36663 81
36664 88
36665 71
36666 61
36667 67
36668 56
36669 94
36670 87
36671 47
36672 60
36673 74
36674 61
36675 91
36676 87
36677 79
36678 83
36679 62
36680 56
36681 72
36682 77
36683 78
36684 80
36685 100
36686 79
36687 72
36688 67
36689 76
36690 74
36691 70
36692 73
36693 63
36694 55
36695 77
36696 64
36697 56
36698 69
36699 73
36700 64
36701 59
36702 81
36703 61
36704 60
36705 53
36706 70
36707 58
36708 68
36709 70
36710 79
36711 77
36712 72
36713 84
36714 61
36715 63
36716 88
36717 62
36718 80
36719 73
36720 87
36721 75
36722 71
36723 61
36724 71
36725 73
36726 57
36727 82
36728 73
36729 57
36730 68
36731 70
36732 67
36733 60
36734 54
36735 76
36736 82
36737 80
36738 73
36739 83
36740 54
36741 69
36742 60
36743 50
36744 93
36745 78
36746 93
36747 82
36748 69
36749 79
36750 52
36751 79
36752 81
36753 68
36754 85
36755 60
36756 77
36757 71
36758 94
36759 64
36760 77
36761 84
36762 66
36763 76
36764 75
36765 90
36766 85
36767 97
36768 86
36769 54
36770 80
36771 69
36772 66
36773 81
36774 60
36775 54
36776 76
36777 71
36778 70
36779 81
36780 76
36781 79
36782 86
36783 77
36784 68
36785 75
36786 61
36787 68
36788 77
36789 61
36790 65
36791 76
36792 55
36793 69
36794 69
36795 70
36796 71
36797 76
36798 69
36799 81
36800 61
36801 68
36802 82
36803 62
36804 69
36805 80
36806 78
36807 71
36808 71
36809 61
36810 86
36811 56
36812 67
36813 60
36814 78
36815 65
36816 67
36817 65
36818 72
36819 62
36820 72
36821 78
36822 56
36823 72
36824 59
36825 80
36826 68
36827 55
36828 76
36829 61
36830 65
36831 80
36832 79
36833 82
36834 63
36835 80
36836 65
36837 83
36838 67
36839 69
36840 53
36841 57
36842 64
36843 72
36844 60
36845 67
36846 92
36847 80
36848 87
36849 61
36850 90
36851 68
36852 87
36853 70
36854 72
36855 79
36856 53
36857 73
36858 71
36859 82
36860 79
36861 45
36862 54
36863 64
40791 2
40795 23
40796 21
40797 49
40798 51
40799 63
40805 1
40807 26
40811 15
40812 19
40813 54
40814 51
40815 51
40816 19
40817 48
40818 56
40819 78
40820 64
40821 67
40822 71
40823 63
40824 53
40825 84
40826 48
40827 75
40828 81
40829 77
40830 69
40831 68
40855 7
40861 45
40862 18
40863 64
40883 2
40884 18
40885 57
40886 46
40887 65
40889 13
40891 23
40892 47
40893 55
40894 66
40895 54
40897 38
40898 22
40899 28
40900 53
40901 54
40902 52
40903 65
40904 45
40905 66
40906 74
40907 79
40908 54
40909 74
40910 71
40911 85
40912 66
40913 65
40914 68
40915 56
40916 78
40917 77
40918 61
40919 50
40920 75
40921 65
40922 72
40923 62
40924 67
40925 60
40926 73
40927 54
40928 68
40929 82
40930 60
40931 79
40932 62
40933 100
40934 67
40935 72
40936 56
40937 58
40938 67
40939 59
40940 86
40941 61
40942 70
40943 79
40944 59
40945 59
40946 80
40947 81
40948 76
40949 69
40950 62
40951 80
40952 72
40953 55
40954 75
40955 67
40956 72
40957 68
40958 82
40959 79
44911 2
44922 21
44923 23
44926 3
44950 1
44951 12
44955 14
44956 24
44957 50
44958 42
44959 62
44967 4
44971 20
44972 6
44973 39
44974 50
44975 56
44976 6
44977 32
44978 35
44979 64
44980 64
44981 61
44982 61
44983 77
44984 53
44985 64
44986 61
44987 63
44988 80
44989 73
44990 63
44991 76
44992 3
44993 17
44994 34
44995 42
44996 18
44997 29
44998 43
44999 44
45000 64
45001 59
45002 70
45003 56
45004 58
45005 80
45006 51
45007 58
45008 47
45009 54
45010 53
45011 65
45012 52
45013 11
45014 64
45015 47
45016 56
45017 63
45018 61
45019 53
45020 58
45021 42
45022 67
45023 60
45024 66
45025 66
45026 59
45027 67
45028 59
45029 75
45030 70
45031 75
45032 57
45033 65
45034 47
45035 54
45036 58
45037 57
45038 68
45039 72
45040 68
45041 47
45042 63
45043 53
45044 72
45045 70
45046 62
45047 55
45048 64
45049 58
45050 67
45051 58
45052 47
45053 59
45054 71
45055 54
48607 2
48623 15
48629 26
48631 38
48632 12
48633 23
48634 26
48635 36
48636 11
48637 17
48638 26
48965 4
48976 42
48977 32
48978 16
48979 32
48980 40
48981 18
48982 20
48983 17
48985 12
48987 17
48988 33
48989 34
48990 31
48991 53
49005 10
49007 25
49009 2
49010 1
49012 38
49013 45
49014 13
49015 48
49016 35
49017 32
49018 25
49019 32
49020 31
49021 44
49022 36
49023 48
49029 5
49031 13
49037 10
49040 26
49041 22
49042 24
49043 24
49044 7
49046 27
49047 3
49048 33
49049 27
49050 27
49051 47
49052 24
49053 18
49054 23
49055 30
49061 3
49072 30
49073 36
49074 21
49075 66
49076 44
49077 16
49078 50
49079 48
49080 7
49081 39
49083 17
49084 48
49085 69
49086 63
49087 62
49090 13
49091 6
49093 26
49094 5
49095 51
49096 36
49097 32
49098 31
49099 32
49100 14
49101 32
49102 31
49103 51
49104 54
49105 46
49106 46
49107 45
49108 41
49109 38
49110 37
49111 50
49112 42
49113 50
49114 52
49115 49
49116 53
49117 46
49118 64
49119 60
49120 44
49121 50
49122 52
49123 38
49124 46
49125 44
49126 53
49127 47
49128 52
49129 49
49130 63
49131 43
49132 66
49133 59
49134 40
49135 57
49136 30
49137 33
49138 36
49139 63
49140 50
49141 63
49142 70
49143 81
49144 52
49145 56
49146 68
49147 61
49148 39
49149 62
49150 52
49151 81
